# manifest	= https://gallica.bnf.fr/iiif/ark:/12148/btv1b83019074/manifest.json
# HNG code	= H08
# HNG source ID	= myz
# osid	sid	page	ln	cn	x	y	w	h	char	hng-gid	flg	remarks	img	mx	my	canvas
50	50	f2	0	12	2966	395	104	67	妙		0		https://gallica.bnf.fr/iiif/ark:/12148/btv1b83019074/f2/info.json	3340	2150	https://gallica.bnf.fr/iiif/ark:/12148/btv1b83019074/canvas/f2
23166	23166	f2	0	0	2959	393	113	77	妙		0		https://gallica.bnf.fr/iiif/ark:/12148/btv1b83019074/f2/info.json	3340	2150	https://gallica.bnf.fr/iiif/ark:/12148/btv1b83019074/canvas/f2
23167	23167	f2	0	1	2976	459	91	63	法		0		https://gallica.bnf.fr/iiif/ark:/12148/btv1b83019074/f2/info.json	3340	2150	https://gallica.bnf.fr/iiif/ark:/12148/btv1b83019074/canvas/f2
23168	23168	f2	0	2	2977	510	100	78	蓮		0		https://gallica.bnf.fr/iiif/ark:/12148/btv1b83019074/f2/info.json	3340	2150	https://gallica.bnf.fr/iiif/ark:/12148/btv1b83019074/canvas/f2
23169	23169	f2	0	3	2972	574	93	79	華		0		https://gallica.bnf.fr/iiif/ark:/12148/btv1b83019074/f2/info.json	3340	2150	https://gallica.bnf.fr/iiif/ark:/12148/btv1b83019074/canvas/f2
23170	23170	f2	0	4	2974	636	91	72	經		0		https://gallica.bnf.fr/iiif/ark:/12148/btv1b83019074/f2/info.json	3340	2150	https://gallica.bnf.fr/iiif/ark:/12148/btv1b83019074/canvas/f2
23171	23171	f2	0	5	2967	696	101	53	五		0		https://gallica.bnf.fr/iiif/ark:/12148/btv1b83019074/f2/info.json	3340	2150	https://gallica.bnf.fr/iiif/ark:/12148/btv1b83019074/canvas/f2
23172	23172	f2	0	6	2992	736	62	62	百		0		https://gallica.bnf.fr/iiif/ark:/12148/btv1b83019074/f2/info.json	3340	2150	https://gallica.bnf.fr/iiif/ark:/12148/btv1b83019074/canvas/f2
23173	23173	f2	0	7	2978	783	79	79	弟		0		https://gallica.bnf.fr/iiif/ark:/12148/btv1b83019074/f2/info.json	3340	2150	https://gallica.bnf.fr/iiif/ark:/12148/btv1b83019074/canvas/f2
23174	23174	f2	0	8	2977	848	83	69	子		0		https://gallica.bnf.fr/iiif/ark:/12148/btv1b83019074/f2/info.json	3340	2150	https://gallica.bnf.fr/iiif/ark:/12148/btv1b83019074/canvas/f2
23175	23175	f2	0	9	2967	902	103	78	受		0		https://gallica.bnf.fr/iiif/ark:/12148/btv1b83019074/f2/info.json	3340	2150	https://gallica.bnf.fr/iiif/ark:/12148/btv1b83019074/canvas/f2
23176	23176	f2	0	10	2959	964	114	68	記		0		https://gallica.bnf.fr/iiif/ark:/12148/btv1b83019074/f2/info.json	3340	2150	https://gallica.bnf.fr/iiif/ark:/12148/btv1b83019074/canvas/f2
23177	23177	f2	0	11	2977	1019	86	59	品		0		https://gallica.bnf.fr/iiif/ark:/12148/btv1b83019074/f2/info.json	3340	2150	https://gallica.bnf.fr/iiif/ark:/12148/btv1b83019074/canvas/f2
23178	23178	f2	0	12	2973	1068	88	77	第		0		https://gallica.bnf.fr/iiif/ark:/12148/btv1b83019074/f2/info.json	3340	2150	https://gallica.bnf.fr/iiif/ark:/12148/btv1b83019074/canvas/f2
23179	23179	f2	0	13	2966	1137	108	48	八		0		https://gallica.bnf.fr/iiif/ark:/12148/btv1b83019074/f2/info.json	3340	2150	https://gallica.bnf.fr/iiif/ark:/12148/btv1b83019074/canvas/f2
23180	23180	f2	0	15	2962	1422	108	74	卷		0		https://gallica.bnf.fr/iiif/ark:/12148/btv1b83019074/f2/info.json	3340	2150	https://gallica.bnf.fr/iiif/ark:/12148/btv1b83019074/canvas/f2
23181	23181	f2	0	16	2981	1487	73	74	第		0		https://gallica.bnf.fr/iiif/ark:/12148/btv1b83019074/f2/info.json	3340	2150	https://gallica.bnf.fr/iiif/ark:/12148/btv1b83019074/canvas/f2
23182	23182	f2	0	17	2972	1551	88	53	五		0		https://gallica.bnf.fr/iiif/ark:/12148/btv1b83019074/f2/info.json	3340	2150	https://gallica.bnf.fr/iiif/ark:/12148/btv1b83019074/canvas/f2
23183	23183	f2	1	0	2837	400	122	78	爾		0		https://gallica.bnf.fr/iiif/ark:/12148/btv1b83019074/f2/info.json	3340	2150	https://gallica.bnf.fr/iiif/ark:/12148/btv1b83019074/canvas/f2
23184	23184	f2	1	1	2848	478	96	84	時		0		https://gallica.bnf.fr/iiif/ark:/12148/btv1b83019074/f2/info.json	3340	2150	https://gallica.bnf.fr/iiif/ark:/12148/btv1b83019074/canvas/f2
23185	23185	f2	1	2	2848	561	100	79	富		0		https://gallica.bnf.fr/iiif/ark:/12148/btv1b83019074/f2/info.json	3340	2150	https://gallica.bnf.fr/iiif/ark:/12148/btv1b83019074/canvas/f2
23186	23186	f2	1	3	2841	637	101	92	樓		0		https://gallica.bnf.fr/iiif/ark:/12148/btv1b83019074/f2/info.json	3340	2150	https://gallica.bnf.fr/iiif/ark:/12148/btv1b83019074/canvas/f2
23187	23187	f2	1	4	2824	727	116	85	那		0		https://gallica.bnf.fr/iiif/ark:/12148/btv1b83019074/f2/info.json	3340	2150	https://gallica.bnf.fr/iiif/ark:/12148/btv1b83019074/canvas/f2
23188	23188	f2	1	5	2842	807	101	77	彌		0		https://gallica.bnf.fr/iiif/ark:/12148/btv1b83019074/f2/info.json	3340	2150	https://gallica.bnf.fr/iiif/ark:/12148/btv1b83019074/canvas/f2
23189	23189	f2	1	6	2839	879	86	88	多		0		https://gallica.bnf.fr/iiif/ark:/12148/btv1b83019074/f2/info.json	3340	2150	https://gallica.bnf.fr/iiif/ark:/12148/btv1b83019074/canvas/f2
23190	23190	f2	1	7	2843	962	95	96	羅		0		https://gallica.bnf.fr/iiif/ark:/12148/btv1b83019074/f2/info.json	3340	2150	https://gallica.bnf.fr/iiif/ark:/12148/btv1b83019074/canvas/f2
23191	23191	f2	1	8	2843	1054	98	76	尼		0		https://gallica.bnf.fr/iiif/ark:/12148/btv1b83019074/f2/info.json	3340	2150	https://gallica.bnf.fr/iiif/ark:/12148/btv1b83019074/canvas/f2
23192	23192	f2	1	9	2846	1128	94	83	子		0		https://gallica.bnf.fr/iiif/ark:/12148/btv1b83019074/f2/info.json	3340	2150	https://gallica.bnf.fr/iiif/ark:/12148/btv1b83019074/canvas/f2
23193	23193	f2	1	10	2843	1212	97	76	從		0		https://gallica.bnf.fr/iiif/ark:/12148/btv1b83019074/f2/info.json	3340	2150	https://gallica.bnf.fr/iiif/ark:/12148/btv1b83019074/canvas/f2
23194	23194	f2	1	11	2846	1287	95	81	佛		0		https://gallica.bnf.fr/iiif/ark:/12148/btv1b83019074/f2/info.json	3340	2150	https://gallica.bnf.fr/iiif/ark:/12148/btv1b83019074/canvas/f2
23195	23195	f2	1	12	2843	1367	93	84	聞		0		https://gallica.bnf.fr/iiif/ark:/12148/btv1b83019074/f2/info.json	3340	2150	https://gallica.bnf.fr/iiif/ark:/12148/btv1b83019074/canvas/f2
23196	23196	f2	1	13	2831	1445	119	85	是		0		https://gallica.bnf.fr/iiif/ark:/12148/btv1b83019074/f2/info.json	3340	2150	https://gallica.bnf.fr/iiif/ark:/12148/btv1b83019074/canvas/f2
23197	23197	f2	1	14	2827	1525	106	79	智		0		https://gallica.bnf.fr/iiif/ark:/12148/btv1b83019074/f2/info.json	3340	2150	https://gallica.bnf.fr/iiif/ark:/12148/btv1b83019074/canvas/f2
23198	23198	f2	1	15	2845	1597	100	88	慧		0		https://gallica.bnf.fr/iiif/ark:/12148/btv1b83019074/f2/info.json	3340	2150	https://gallica.bnf.fr/iiif/ark:/12148/btv1b83019074/canvas/f2
23199	23199	f2	1	16	2843	1683	103	77	方		0		https://gallica.bnf.fr/iiif/ark:/12148/btv1b83019074/f2/info.json	3340	2150	https://gallica.bnf.fr/iiif/ark:/12148/btv1b83019074/canvas/f2
23200	23200	f2	2	0	2707	397	107	84	便		0		https://gallica.bnf.fr/iiif/ark:/12148/btv1b83019074/f2/info.json	3340	2150	https://gallica.bnf.fr/iiif/ark:/12148/btv1b83019074/canvas/f2
23201	23201	f2	2	1	2721	485	102	86	隨		0		https://gallica.bnf.fr/iiif/ark:/12148/btv1b83019074/f2/info.json	3340	2150	https://gallica.bnf.fr/iiif/ark:/12148/btv1b83019074/canvas/f2
23202	23202	f2	2	2	2720	568	100	75	宜		0		https://gallica.bnf.fr/iiif/ark:/12148/btv1b83019074/f2/info.json	3340	2150	https://gallica.bnf.fr/iiif/ark:/12148/btv1b83019074/canvas/f2
23203	23203	f2	2	3	2703	645	119	83	説		0		https://gallica.bnf.fr/iiif/ark:/12148/btv1b83019074/f2/info.json	3340	2150	https://gallica.bnf.fr/iiif/ark:/12148/btv1b83019074/canvas/f2
23204	23204	f2	2	4	2713	724	93	75	法		0		https://gallica.bnf.fr/iiif/ark:/12148/btv1b83019074/f2/info.json	3340	2150	https://gallica.bnf.fr/iiif/ark:/12148/btv1b83019074/canvas/f2
23205	23205	f2	2	5	2723	808	89	68	又		0		https://gallica.bnf.fr/iiif/ark:/12148/btv1b83019074/f2/info.json	3340	2150	https://gallica.bnf.fr/iiif/ark:/12148/btv1b83019074/canvas/f2
23206	23206	f2	2	6	2717	875	89	87	聞		0		https://gallica.bnf.fr/iiif/ark:/12148/btv1b83019074/f2/info.json	3340	2150	https://gallica.bnf.fr/iiif/ark:/12148/btv1b83019074/canvas/f2
23207	23207	f2	2	7	2707	958	107	79	授		0		https://gallica.bnf.fr/iiif/ark:/12148/btv1b83019074/f2/info.json	3340	2150	https://gallica.bnf.fr/iiif/ark:/12148/btv1b83019074/canvas/f2
23208	23208	f2	2	8	2701	1034	116	87	諸		0		https://gallica.bnf.fr/iiif/ark:/12148/btv1b83019074/f2/info.json	3340	2150	https://gallica.bnf.fr/iiif/ark:/12148/btv1b83019074/canvas/f2
23209	23209	f2	2	9	2721	1117	105	77	大		0		https://gallica.bnf.fr/iiif/ark:/12148/btv1b83019074/f2/info.json	3340	2150	https://gallica.bnf.fr/iiif/ark:/12148/btv1b83019074/canvas/f2
23210	23210	f2	2	10	2716	1190	91	88	弟		0		https://gallica.bnf.fr/iiif/ark:/12148/btv1b83019074/f2/info.json	3340	2150	https://gallica.bnf.fr/iiif/ark:/12148/btv1b83019074/canvas/f2
23211	23211	f2	2	11	2727	1279	78	80	子		0		https://gallica.bnf.fr/iiif/ark:/12148/btv1b83019074/f2/info.json	3340	2150	https://gallica.bnf.fr/iiif/ark:/12148/btv1b83019074/canvas/f2
23212	23212	f2	2	12	2716	1357	95	85	阿		0		https://gallica.bnf.fr/iiif/ark:/12148/btv1b83019074/f2/info.json	3340	2150	https://gallica.bnf.fr/iiif/ark:/12148/btv1b83019074/canvas/f2
23213	23213	f2	2	13	2703	1435	107	94	耨		0		https://gallica.bnf.fr/iiif/ark:/12148/btv1b83019074/f2/info.json	3340	2150	https://gallica.bnf.fr/iiif/ark:/12148/btv1b83019074/canvas/f2
23214	23214	f2	2	14	2711	1522	88	82	多		0		https://gallica.bnf.fr/iiif/ark:/12148/btv1b83019074/f2/info.json	3340	2150	https://gallica.bnf.fr/iiif/ark:/12148/btv1b83019074/canvas/f2
23215	23215	f2	2	15	2710	1606	99	83	羅		0		https://gallica.bnf.fr/iiif/ark:/12148/btv1b83019074/f2/info.json	3340	2150	https://gallica.bnf.fr/iiif/ark:/12148/btv1b83019074/canvas/f2
23216	23216	f2	2	16	2714	1684	95	77	三		0		https://gallica.bnf.fr/iiif/ark:/12148/btv1b83019074/f2/info.json	3340	2150	https://gallica.bnf.fr/iiif/ark:/12148/btv1b83019074/canvas/f2
23217	23217	f2	3	0	2579	396	106	97	藐		0		https://gallica.bnf.fr/iiif/ark:/12148/btv1b83019074/f2/info.json	3340	2150	https://gallica.bnf.fr/iiif/ark:/12148/btv1b83019074/canvas/f2
23218	23218	f2	3	1	2590	492	92	69	三		0		https://gallica.bnf.fr/iiif/ark:/12148/btv1b83019074/f2/info.json	3340	2150	https://gallica.bnf.fr/iiif/ark:/12148/btv1b83019074/canvas/f2
23219	23219	f2	3	2	2572	559	106	89	菩		0		https://gallica.bnf.fr/iiif/ark:/12148/btv1b83019074/f2/info.json	3340	2150	https://gallica.bnf.fr/iiif/ark:/12148/btv1b83019074/canvas/f2
23220	23220	f2	3	3	2577	641	120	87	提		0		https://gallica.bnf.fr/iiif/ark:/12148/btv1b83019074/f2/info.json	3340	2150	https://gallica.bnf.fr/iiif/ark:/12148/btv1b83019074/canvas/f2
23221	23221	f2	3	4	2576	727	119	78	記		0		https://gallica.bnf.fr/iiif/ark:/12148/btv1b83019074/f2/info.json	3340	2150	https://gallica.bnf.fr/iiif/ark:/12148/btv1b83019074/canvas/f2
23222	23222	f2	3	5	2593	805	92	79	復		0		https://gallica.bnf.fr/iiif/ark:/12148/btv1b83019074/f2/info.json	3340	2150	https://gallica.bnf.fr/iiif/ark:/12148/btv1b83019074/canvas/f2
23223	23223	f2	3	6	2593	883	87	91	聞		0		https://gallica.bnf.fr/iiif/ark:/12148/btv1b83019074/f2/info.json	3340	2150	https://gallica.bnf.fr/iiif/ark:/12148/btv1b83019074/canvas/f2
23224	23224	f2	3	7	2590	967	88	82	宿		0		https://gallica.bnf.fr/iiif/ark:/12148/btv1b83019074/f2/info.json	3340	2150	https://gallica.bnf.fr/iiif/ark:/12148/btv1b83019074/canvas/f2
23225	23225	f2	3	8	2577	1047	98	73	世		0		https://gallica.bnf.fr/iiif/ark:/12148/btv1b83019074/f2/info.json	3340	2150	https://gallica.bnf.fr/iiif/ark:/12148/btv1b83019074/canvas/f2
23226	23226	f2	3	9	2603	1123	71	80	因		0		https://gallica.bnf.fr/iiif/ark:/12148/btv1b83019074/f2/info.json	3340	2150	https://gallica.bnf.fr/iiif/ark:/12148/btv1b83019074/canvas/f2
23227	23227	f2	3	10	2579	1200	115	84	縁		0		https://gallica.bnf.fr/iiif/ark:/12148/btv1b83019074/f2/info.json	3340	2150	https://gallica.bnf.fr/iiif/ark:/12148/btv1b83019074/canvas/f2
23228	23228	f2	3	11	2590	1280	104	75	之		0		https://gallica.bnf.fr/iiif/ark:/12148/btv1b83019074/f2/info.json	3340	2150	https://gallica.bnf.fr/iiif/ark:/12148/btv1b83019074/canvas/f2
23229	23229	f2	3	12	2593	1353	94	89	事		0		https://gallica.bnf.fr/iiif/ark:/12148/btv1b83019074/f2/info.json	3340	2150	https://gallica.bnf.fr/iiif/ark:/12148/btv1b83019074/canvas/f2
23230	23230	f2	3	13	2589	1442	101	92	復		0		https://gallica.bnf.fr/iiif/ark:/12148/btv1b83019074/f2/info.json	3340	2150	https://gallica.bnf.fr/iiif/ark:/12148/btv1b83019074/canvas/f2
23231	23231	f2	3	14	2597	1527	87	85	聞		0		https://gallica.bnf.fr/iiif/ark:/12148/btv1b83019074/f2/info.json	3340	2150	https://gallica.bnf.fr/iiif/ark:/12148/btv1b83019074/canvas/f2
23232	23232	f2	3	15	2577	1603	107	80	諸		0		https://gallica.bnf.fr/iiif/ark:/12148/btv1b83019074/f2/info.json	3340	2150	https://gallica.bnf.fr/iiif/ark:/12148/btv1b83019074/canvas/f2
23233	23233	f2	3	16	2583	1679	105	80	佛		0		https://gallica.bnf.fr/iiif/ark:/12148/btv1b83019074/f2/info.json	3340	2150	https://gallica.bnf.fr/iiif/ark:/12148/btv1b83019074/canvas/f2
23234	23234	f2	4	0	2457	395	92	94	有		0		https://gallica.bnf.fr/iiif/ark:/12148/btv1b83019074/f2/info.json	3340	2150	https://gallica.bnf.fr/iiif/ark:/12148/btv1b83019074/canvas/f2
23235	23235	f2	4	1	2465	485	95	70	大		0		https://gallica.bnf.fr/iiif/ark:/12148/btv1b83019074/f2/info.json	3340	2150	https://gallica.bnf.fr/iiif/ark:/12148/btv1b83019074/canvas/f2
23236	23236	f2	4	2	2475	552	84	76	自		0		https://gallica.bnf.fr/iiif/ark:/12148/btv1b83019074/f2/info.json	3340	2150	https://gallica.bnf.fr/iiif/ark:/12148/btv1b83019074/canvas/f2
23237	23237	f2	4	3	2458	623	105	80	在		0		https://gallica.bnf.fr/iiif/ark:/12148/btv1b83019074/f2/info.json	3340	2150	https://gallica.bnf.fr/iiif/ark:/12148/btv1b83019074/canvas/f2
23238	23238	f2	4	4	2455	700	108	92	神		0		https://gallica.bnf.fr/iiif/ark:/12148/btv1b83019074/f2/info.json	3340	2150	https://gallica.bnf.fr/iiif/ark:/12148/btv1b83019074/canvas/f2
23239	23239	f2	4	5	2462	791	111	86	通		0		https://gallica.bnf.fr/iiif/ark:/12148/btv1b83019074/f2/info.json	3340	2150	https://gallica.bnf.fr/iiif/ark:/12148/btv1b83019074/canvas/f2
23240	23240	f2	4	6	2466	875	98	77	之		0		https://gallica.bnf.fr/iiif/ark:/12148/btv1b83019074/f2/info.json	3340	2150	https://gallica.bnf.fr/iiif/ark:/12148/btv1b83019074/canvas/f2
23241	23241	f2	4	7	2477	952	73	77	力		0		https://gallica.bnf.fr/iiif/ark:/12148/btv1b83019074/f2/info.json	3340	2150	https://gallica.bnf.fr/iiif/ark:/12148/btv1b83019074/canvas/f2
23242	23242	f2	4	8	2457	1025	96	86	得		0		https://gallica.bnf.fr/iiif/ark:/12148/btv1b83019074/f2/info.json	3340	2150	https://gallica.bnf.fr/iiif/ark:/12148/btv1b83019074/canvas/f2
23243	23243	f2	4	9	2465	1107	105	81	未		0		https://gallica.bnf.fr/iiif/ark:/12148/btv1b83019074/f2/info.json	3340	2150	https://gallica.bnf.fr/iiif/ark:/12148/btv1b83019074/canvas/f2
23244	23244	f2	4	10	2467	1186	83	85	曾		0		https://gallica.bnf.fr/iiif/ark:/12148/btv1b83019074/f2/info.json	3340	2150	https://gallica.bnf.fr/iiif/ark:/12148/btv1b83019074/canvas/f2
23245	23245	f2	4	11	2462	1265	99	86	有		0		https://gallica.bnf.fr/iiif/ark:/12148/btv1b83019074/f2/info.json	3340	2150	https://gallica.bnf.fr/iiif/ark:/12148/btv1b83019074/canvas/f2
23246	23246	f2	4	12	2469	1359	102	63	心		0		https://gallica.bnf.fr/iiif/ark:/12148/btv1b83019074/f2/info.json	3340	2150	https://gallica.bnf.fr/iiif/ark:/12148/btv1b83019074/canvas/f2
23247	23247	f2	4	13	2473	1423	93	85	淨		0		https://gallica.bnf.fr/iiif/ark:/12148/btv1b83019074/f2/info.json	3340	2150	https://gallica.bnf.fr/iiif/ark:/12148/btv1b83019074/canvas/f2
23248	23248	f2	4	14	2464	1518	94	77	踊		0		https://gallica.bnf.fr/iiif/ark:/12148/btv1b83019074/f2/info.json	3340	2150	https://gallica.bnf.fr/iiif/ark:/12148/btv1b83019074/canvas/f2
23249	23249	f2	4	15	2469	1596	101	81	躍		0		https://gallica.bnf.fr/iiif/ark:/12148/btv1b83019074/f2/info.json	3340	2150	https://gallica.bnf.fr/iiif/ark:/12148/btv1b83019074/canvas/f2
23250	23250	f2	4	16	2469	1678	87	85	即		0		https://gallica.bnf.fr/iiif/ark:/12148/btv1b83019074/f2/info.json	3340	2150	https://gallica.bnf.fr/iiif/ark:/12148/btv1b83019074/canvas/f2
23251	23251	f2	5	0	2331	398	108	85	從		0		https://gallica.bnf.fr/iiif/ark:/12148/btv1b83019074/f2/info.json	3340	2150	https://gallica.bnf.fr/iiif/ark:/12148/btv1b83019074/canvas/f2
23252	23252	f2	5	1	2346	478	79	76	坐		0		https://gallica.bnf.fr/iiif/ark:/12148/btv1b83019074/f2/info.json	3340	2150	https://gallica.bnf.fr/iiif/ark:/12148/btv1b83019074/canvas/f2
23253	23253	f2	5	2	2343	557	100	89	起		0		https://gallica.bnf.fr/iiif/ark:/12148/btv1b83019074/f2/info.json	3340	2150	https://gallica.bnf.fr/iiif/ark:/12148/btv1b83019074/canvas/f2
23254	23254	f2	5	3	2343	644	92	83	到		0		https://gallica.bnf.fr/iiif/ark:/12148/btv1b83019074/f2/info.json	3340	2150	https://gallica.bnf.fr/iiif/ark:/12148/btv1b83019074/canvas/f2
23255	23255	f2	5	4	2335	724	107	79	於		0		https://gallica.bnf.fr/iiif/ark:/12148/btv1b83019074/f2/info.json	3340	2150	https://gallica.bnf.fr/iiif/ark:/12148/btv1b83019074/canvas/f2
23256	23256	f2	5	5	2340	804	94	81	佛		0		https://gallica.bnf.fr/iiif/ark:/12148/btv1b83019074/f2/info.json	3340	2150	https://gallica.bnf.fr/iiif/ark:/12148/btv1b83019074/canvas/f2
23257	23257	f2	5	6	2327	886	101	84	前		0		https://gallica.bnf.fr/iiif/ark:/12148/btv1b83019074/f2/info.json	3340	2150	https://gallica.bnf.fr/iiif/ark:/12148/btv1b83019074/canvas/f2
23258	23258	f2	5	7	2332	970	105	75	頭		0		https://gallica.bnf.fr/iiif/ark:/12148/btv1b83019074/f2/info.json	3340	2150	https://gallica.bnf.fr/iiif/ark:/12148/btv1b83019074/canvas/f2
23259	23259	f2	5	8	2349	1047	81	71	面		0		https://gallica.bnf.fr/iiif/ark:/12148/btv1b83019074/f2/info.json	3340	2150	https://gallica.bnf.fr/iiif/ark:/12148/btv1b83019074/canvas/f2
23260	23260	f2	5	9	2333	1123	102	79	禮		0		https://gallica.bnf.fr/iiif/ark:/12148/btv1b83019074/f2/info.json	3340	2150	https://gallica.bnf.fr/iiif/ark:/12148/btv1b83019074/canvas/f2
23261	23261	f2	5	10	2346	1202	85	69	足		0		https://gallica.bnf.fr/iiif/ark:/12148/btv1b83019074/f2/info.json	3340	2150	https://gallica.bnf.fr/iiif/ark:/12148/btv1b83019074/canvas/f2
23262	23262	f2	5	11	2327	1270	107	85	却		0		https://gallica.bnf.fr/iiif/ark:/12148/btv1b83019074/f2/info.json	3340	2150	https://gallica.bnf.fr/iiif/ark:/12148/btv1b83019074/canvas/f2
23263	23263	f2	5	12	2334	1360	100	78	住		0		https://gallica.bnf.fr/iiif/ark:/12148/btv1b83019074/f2/info.json	3340	2150	https://gallica.bnf.fr/iiif/ark:/12148/btv1b83019074/canvas/f2
23264	23264	f2	5	13	2335	1450	105	55	一		0		https://gallica.bnf.fr/iiif/ark:/12148/btv1b83019074/f2/info.json	3340	2150	https://gallica.bnf.fr/iiif/ark:/12148/btv1b83019074/canvas/f2
23265	23265	f2	5	14	2344	1515	83	78	面		0		https://gallica.bnf.fr/iiif/ark:/12148/btv1b83019074/f2/info.json	3340	2150	https://gallica.bnf.fr/iiif/ark:/12148/btv1b83019074/canvas/f2
23266	23266	f2	5	15	2333	1588	101	84	瞻		0		https://gallica.bnf.fr/iiif/ark:/12148/btv1b83019074/f2/info.json	3340	2150	https://gallica.bnf.fr/iiif/ark:/12148/btv1b83019074/canvas/f2
23267	23267	f2	5	16	2330	1673	106	83	仰		0		https://gallica.bnf.fr/iiif/ark:/12148/btv1b83019074/f2/info.json	3340	2150	https://gallica.bnf.fr/iiif/ark:/12148/btv1b83019074/canvas/f2
23268	23268	f2	6	0	2191	397	107	95	尊		0		https://gallica.bnf.fr/iiif/ark:/12148/btv1b83019074/f2/info.json	3340	2150	https://gallica.bnf.fr/iiif/ark:/12148/btv1b83019074/canvas/f2
23269	23269	f2	6	1	2194	491	114	83	顏		0		https://gallica.bnf.fr/iiif/ark:/12148/btv1b83019074/f2/info.json	3340	2150	https://gallica.bnf.fr/iiif/ark:/12148/btv1b83019074/canvas/f2
23270	23270	f2	6	2	2231	570	62	74	目		0		https://gallica.bnf.fr/iiif/ark:/12148/btv1b83019074/f2/info.json	3340	2150	https://gallica.bnf.fr/iiif/ark:/12148/btv1b83019074/canvas/f2
23271	23271	f2	6	3	2210	647	91	62	不		0		https://gallica.bnf.fr/iiif/ark:/12148/btv1b83019074/f2/info.json	3340	2150	https://gallica.bnf.fr/iiif/ark:/12148/btv1b83019074/canvas/f2
23272	23272	f2	6	4	2203	712	99	98	暫		0		https://gallica.bnf.fr/iiif/ark:/12148/btv1b83019074/f2/info.json	3340	2150	https://gallica.bnf.fr/iiif/ark:/12148/btv1b83019074/canvas/f2
23273	23273	f2	6	5	2211	803	113	81	捨		0		https://gallica.bnf.fr/iiif/ark:/12148/btv1b83019074/f2/info.json	3340	2150	https://gallica.bnf.fr/iiif/ark:/12148/btv1b83019074/canvas/f2
23274	23274	f2	6	6	2205	883	102	76	而		0		https://gallica.bnf.fr/iiif/ark:/12148/btv1b83019074/f2/info.json	3340	2150	https://gallica.bnf.fr/iiif/ark:/12148/btv1b83019074/canvas/f2
23275	23275	f2	6	7	2212	957	91	79	作		0		https://gallica.bnf.fr/iiif/ark:/12148/btv1b83019074/f2/info.json	3340	2150	https://gallica.bnf.fr/iiif/ark:/12148/btv1b83019074/canvas/f2
23276	23276	f2	6	8	2197	1031	117	83	是		0		https://gallica.bnf.fr/iiif/ark:/12148/btv1b83019074/f2/info.json	3340	2150	https://gallica.bnf.fr/iiif/ark:/12148/btv1b83019074/canvas/f2
23277	23277	f2	6	9	2199	1110	124	84	念		0		https://gallica.bnf.fr/iiif/ark:/12148/btv1b83019074/f2/info.json	3340	2150	https://gallica.bnf.fr/iiif/ark:/12148/btv1b83019074/canvas/f2
23278	23278	f2	6	10	2199	1195	111	75	世		0		https://gallica.bnf.fr/iiif/ark:/12148/btv1b83019074/f2/info.json	3340	2150	https://gallica.bnf.fr/iiif/ark:/12148/btv1b83019074/canvas/f2
23279	23279	f2	6	11	2198	1262	116	99	尊		0		https://gallica.bnf.fr/iiif/ark:/12148/btv1b83019074/f2/info.json	3340	2150	https://gallica.bnf.fr/iiif/ark:/12148/btv1b83019074/canvas/f2
23280	23280	f2	6	12	2195	1354	126	93	甚		0		https://gallica.bnf.fr/iiif/ark:/12148/btv1b83019074/f2/info.json	3340	2150	https://gallica.bnf.fr/iiif/ark:/12148/btv1b83019074/canvas/f2
23281	23281	f2	6	13	2203	1447	109	85	奇		0		https://gallica.bnf.fr/iiif/ark:/12148/btv1b83019074/f2/info.json	3340	2150	https://gallica.bnf.fr/iiif/ark:/12148/btv1b83019074/canvas/f2
23282	23282	f2	6	14	2213	1528	97	82	特		0		https://gallica.bnf.fr/iiif/ark:/12148/btv1b83019074/f2/info.json	3340	2150	https://gallica.bnf.fr/iiif/ark:/12148/btv1b83019074/canvas/f2
23283	23283	f2	6	15	2205	1605	111	74	所		0		https://gallica.bnf.fr/iiif/ark:/12148/btv1b83019074/f2/info.json	3340	2150	https://gallica.bnf.fr/iiif/ark:/12148/btv1b83019074/canvas/f2
23284	23284	f2	6	16	2213	1670	91	85	爲		0		https://gallica.bnf.fr/iiif/ark:/12148/btv1b83019074/f2/info.json	3340	2150	https://gallica.bnf.fr/iiif/ark:/12148/btv1b83019074/canvas/f2
23285	23285	f2	7	0	2075	393	97	90	希		0		https://gallica.bnf.fr/iiif/ark:/12148/btv1b83019074/f2/info.json	3340	2150	https://gallica.bnf.fr/iiif/ark:/12148/btv1b83019074/canvas/f2
23286	23286	f2	7	1	2073	480	110	92	有		0		https://gallica.bnf.fr/iiif/ark:/12148/btv1b83019074/f2/info.json	3340	2150	https://gallica.bnf.fr/iiif/ark:/12148/btv1b83019074/canvas/f2
23287	23287	f2	7	2	2089	568	104	82	隨		0		https://gallica.bnf.fr/iiif/ark:/12148/btv1b83019074/f2/info.json	3340	2150	https://gallica.bnf.fr/iiif/ark:/12148/btv1b83019074/canvas/f2
23288	23288	f2	7	3	2090	647	103	79	順		0		https://gallica.bnf.fr/iiif/ark:/12148/btv1b83019074/f2/info.json	3340	2150	https://gallica.bnf.fr/iiif/ark:/12148/btv1b83019074/canvas/f2
23289	23289	f2	7	4	2071	729	111	71	世		0		https://gallica.bnf.fr/iiif/ark:/12148/btv1b83019074/f2/info.json	3340	2150	https://gallica.bnf.fr/iiif/ark:/12148/btv1b83019074/canvas/f2
23290	23290	f2	7	5	2087	799	105	90	間		0		https://gallica.bnf.fr/iiif/ark:/12148/btv1b83019074/f2/info.json	3340	2150	https://gallica.bnf.fr/iiif/ark:/12148/btv1b83019074/canvas/f2
23291	23291	f2	7	6	2072	884	102	83	若		0		https://gallica.bnf.fr/iiif/ark:/12148/btv1b83019074/f2/info.json	3340	2150	https://gallica.bnf.fr/iiif/ark:/12148/btv1b83019074/canvas/f2
23292	23292	f2	7	7	2079	972	103	70	干		0		https://gallica.bnf.fr/iiif/ark:/12148/btv1b83019074/f2/info.json	3340	2150	https://gallica.bnf.fr/iiif/ark:/12148/btv1b83019074/canvas/f2
23293	23293	f2	7	8	2078	1042	101	79	種		0		https://gallica.bnf.fr/iiif/ark:/12148/btv1b83019074/f2/info.json	3340	2150	https://gallica.bnf.fr/iiif/ark:/12148/btv1b83019074/canvas/f2
23294	23294	f2	7	9	2085	1120	103	76	性		0		https://gallica.bnf.fr/iiif/ark:/12148/btv1b83019074/f2/info.json	3340	2150	https://gallica.bnf.fr/iiif/ark:/12148/btv1b83019074/canvas/f2
23295	23295	f2	7	10	2079	1204	108	65	以		0		https://gallica.bnf.fr/iiif/ark:/12148/btv1b83019074/f2/info.json	3340	2150	https://gallica.bnf.fr/iiif/ark:/12148/btv1b83019074/canvas/f2
23296	23296	f2	7	11	2086	1272	94	78	方		0		https://gallica.bnf.fr/iiif/ark:/12148/btv1b83019074/f2/info.json	3340	2150	https://gallica.bnf.fr/iiif/ark:/12148/btv1b83019074/canvas/f2
23297	23297	f2	7	12	2091	1348	100	86	便		0		https://gallica.bnf.fr/iiif/ark:/12148/btv1b83019074/f2/info.json	3340	2150	https://gallica.bnf.fr/iiif/ark:/12148/btv1b83019074/canvas/f2
23298	23298	f2	7	13	2074	1435	122	67	知		0		https://gallica.bnf.fr/iiif/ark:/12148/btv1b83019074/f2/info.json	3340	2150	https://gallica.bnf.fr/iiif/ark:/12148/btv1b83019074/canvas/f2
23299	23299	f2	7	14	2095	1507	95	82	見		0		https://gallica.bnf.fr/iiif/ark:/12148/btv1b83019074/f2/info.json	3340	2150	https://gallica.bnf.fr/iiif/ark:/12148/btv1b83019074/canvas/f2
23300	23300	f2	7	15	2091	1595	96	79	而		0		https://gallica.bnf.fr/iiif/ark:/12148/btv1b83019074/f2/info.json	3340	2150	https://gallica.bnf.fr/iiif/ark:/12148/btv1b83019074/canvas/f2
23301	23301	f2	7	16	2083	1669	103	85	爲		0		https://gallica.bnf.fr/iiif/ark:/12148/btv1b83019074/f2/info.json	3340	2150	https://gallica.bnf.fr/iiif/ark:/12148/btv1b83019074/canvas/f2
23302	23302	f2	8	0	1944	390	120	89	説		0		https://gallica.bnf.fr/iiif/ark:/12148/btv1b83019074/f2/info.json	3340	2150	https://gallica.bnf.fr/iiif/ark:/12148/btv1b83019074/canvas/f2
23303	23303	f2	8	1	1959	471	97	81	法		0		https://gallica.bnf.fr/iiif/ark:/12148/btv1b83019074/f2/info.json	3340	2150	https://gallica.bnf.fr/iiif/ark:/12148/btv1b83019074/canvas/f2
23304	23304	f2	8	2	1955	557	103	78	拔		0		https://gallica.bnf.fr/iiif/ark:/12148/btv1b83019074/f2/info.json	3340	2150	https://gallica.bnf.fr/iiif/ark:/12148/btv1b83019074/canvas/f2
23305	23305	f2	8	3	1965	628	78	82	出		0		https://gallica.bnf.fr/iiif/ark:/12148/btv1b83019074/f2/info.json	3340	2150	https://gallica.bnf.fr/iiif/ark:/12148/btv1b83019074/canvas/f2
23306	23306	f2	8	4	1944	711	117	86	衆		0		https://gallica.bnf.fr/iiif/ark:/12148/btv1b83019074/f2/info.json	3340	2150	https://gallica.bnf.fr/iiif/ark:/12148/btv1b83019074/canvas/f2
23307	23307	f2	8	5	1963	796	86	78	生		0		https://gallica.bnf.fr/iiif/ark:/12148/btv1b83019074/f2/info.json	3340	2150	https://gallica.bnf.fr/iiif/ark:/12148/btv1b83019074/canvas/f2
23308	23308	f2	8	6	1963	870	104	92	處		0		https://gallica.bnf.fr/iiif/ark:/12148/btv1b83019074/f2/info.json	3340	2150	https://gallica.bnf.fr/iiif/ark:/12148/btv1b83019074/canvas/f2
23309	23309	f2	8	7	1960	963	105	80	處		0		https://gallica.bnf.fr/iiif/ark:/12148/btv1b83019074/f2/info.json	3340	2150	https://gallica.bnf.fr/iiif/ark:/12148/btv1b83019074/canvas/f2
23310	23310	f2	8	8	1953	1038	119	85	貪		0		https://gallica.bnf.fr/iiif/ark:/12148/btv1b83019074/f2/info.json	3340	2150	https://gallica.bnf.fr/iiif/ark:/12148/btv1b83019074/canvas/f2
23311	23311	f2	8	9	1941	1124	120	85	著		0		https://gallica.bnf.fr/iiif/ark:/12148/btv1b83019074/f2/info.json	3340	2150	https://gallica.bnf.fr/iiif/ark:/12148/btv1b83019074/canvas/f2
23312	23312	f2	8	10	1953	1201	103	85	我		0		https://gallica.bnf.fr/iiif/ark:/12148/btv1b83019074/f2/info.json	3340	2150	https://gallica.bnf.fr/iiif/ark:/12148/btv1b83019074/canvas/f2
23313	23313	f2	8	11	1952	1279	93	82	等		0		https://gallica.bnf.fr/iiif/ark:/12148/btv1b83019074/f2/info.json	3340	2150	https://gallica.bnf.fr/iiif/ark:/12148/btv1b83019074/canvas/f2
23314	23314	f2	8	12	1963	1360	110	81	於		0		https://gallica.bnf.fr/iiif/ark:/12148/btv1b83019074/f2/info.json	3340	2150	https://gallica.bnf.fr/iiif/ark:/12148/btv1b83019074/canvas/f2
23315	23315	f2	8	13	1960	1435	98	83	佛		0		https://gallica.bnf.fr/iiif/ark:/12148/btv1b83019074/f2/info.json	3340	2150	https://gallica.bnf.fr/iiif/ark:/12148/btv1b83019074/canvas/f2
23316	23316	f2	8	14	1963	1519	97	66	功		0		https://gallica.bnf.fr/iiif/ark:/12148/btv1b83019074/f2/info.json	3340	2150	https://gallica.bnf.fr/iiif/ark:/12148/btv1b83019074/canvas/f2
23317	23317	f2	8	15	1953	1580	110	94	徳		0		https://gallica.bnf.fr/iiif/ark:/12148/btv1b83019074/f2/info.json	3340	2150	https://gallica.bnf.fr/iiif/ark:/12148/btv1b83019074/canvas/f2
23318	23318	f2	8	16	1949	1670	109	81	言		0		https://gallica.bnf.fr/iiif/ark:/12148/btv1b83019074/f2/info.json	3340	2150	https://gallica.bnf.fr/iiif/ark:/12148/btv1b83019074/canvas/f2
23319	23319	f2	9	0	1816	393	108	70	不		0		https://gallica.bnf.fr/iiif/ark:/12148/btv1b83019074/f2/info.json	3340	2150	https://gallica.bnf.fr/iiif/ark:/12148/btv1b83019074/canvas/f2
23320	23320	f2	9	1	1816	453	111	94	能		0		https://gallica.bnf.fr/iiif/ark:/12148/btv1b83019074/f2/info.json	3340	2150	https://gallica.bnf.fr/iiif/ark:/12148/btv1b83019074/canvas/f2
23321	23321	f2	9	2	1817	544	100	79	宣		0		https://gallica.bnf.fr/iiif/ark:/12148/btv1b83019074/f2/info.json	3340	2150	https://gallica.bnf.fr/iiif/ark:/12148/btv1b83019074/canvas/f2
23322	23322	f2	9	3	1824	627	92	83	唯		0		https://gallica.bnf.fr/iiif/ark:/12148/btv1b83019074/f2/info.json	3340	2150	https://gallica.bnf.fr/iiif/ark:/12148/btv1b83019074/canvas/f2
23323	23323	f2	9	4	1813	707	114	83	佛		0		https://gallica.bnf.fr/iiif/ark:/12148/btv1b83019074/f2/info.json	3340	2150	https://gallica.bnf.fr/iiif/ark:/12148/btv1b83019074/canvas/f2
23324	23324	f2	9	5	1813	791	105	74	世		0		https://gallica.bnf.fr/iiif/ark:/12148/btv1b83019074/f2/info.json	3340	2150	https://gallica.bnf.fr/iiif/ark:/12148/btv1b83019074/canvas/f2
23325	23325	f2	9	6	1803	863	125	101	尊		0		https://gallica.bnf.fr/iiif/ark:/12148/btv1b83019074/f2/info.json	3340	2150	https://gallica.bnf.fr/iiif/ark:/12148/btv1b83019074/canvas/f2
23326	23326	f2	9	7	1808	965	111	85	能		0		https://gallica.bnf.fr/iiif/ark:/12148/btv1b83019074/f2/info.json	3340	2150	https://gallica.bnf.fr/iiif/ark:/12148/btv1b83019074/canvas/f2
23327	23327	f2	9	8	1803	1048	120	65	知		0		https://gallica.bnf.fr/iiif/ark:/12148/btv1b83019074/f2/info.json	3340	2150	https://gallica.bnf.fr/iiif/ark:/12148/btv1b83019074/canvas/f2
23328	23328	f2	9	9	1819	1107	105	89	我		0		https://gallica.bnf.fr/iiif/ark:/12148/btv1b83019074/f2/info.json	3340	2150	https://gallica.bnf.fr/iiif/ark:/12148/btv1b83019074/canvas/f2
23329	23329	f2	9	10	1813	1190	106	90	等		0		https://gallica.bnf.fr/iiif/ark:/12148/btv1b83019074/f2/info.json	3340	2150	https://gallica.bnf.fr/iiif/ark:/12148/btv1b83019074/canvas/f2
23330	23330	f2	9	11	1827	1275	103	74	深		0		https://gallica.bnf.fr/iiif/ark:/12148/btv1b83019074/f2/info.json	3340	2150	https://gallica.bnf.fr/iiif/ark:/12148/btv1b83019074/canvas/f2
23331	23331	f2	9	12	1824	1351	98	69	心		0		https://gallica.bnf.fr/iiif/ark:/12148/btv1b83019074/f2/info.json	3340	2150	https://gallica.bnf.fr/iiif/ark:/12148/btv1b83019074/canvas/f2
23332	23332	f2	9	13	1823	1420	115	85	本		0		https://gallica.bnf.fr/iiif/ark:/12148/btv1b83019074/f2/info.json	3340	2150	https://gallica.bnf.fr/iiif/ark:/12148/btv1b83019074/canvas/f2
23333	23333	f2	9	14	1815	1504	115	85	願		0		https://gallica.bnf.fr/iiif/ark:/12148/btv1b83019074/f2/info.json	3340	2150	https://gallica.bnf.fr/iiif/ark:/12148/btv1b83019074/canvas/f2
23334	23334	f2	9	15	1814	1587	126	75	爾		0		https://gallica.bnf.fr/iiif/ark:/12148/btv1b83019074/f2/info.json	3340	2150	https://gallica.bnf.fr/iiif/ark:/12148/btv1b83019074/canvas/f2
23335	23335	f2	9	16	1823	1660	103	87	時		0		https://gallica.bnf.fr/iiif/ark:/12148/btv1b83019074/f2/info.json	3340	2150	https://gallica.bnf.fr/iiif/ark:/12148/btv1b83019074/canvas/f2
23336	23336	f2	10	0	1697	392	105	79	佛		0		https://gallica.bnf.fr/iiif/ark:/12148/btv1b83019074/f2/info.json	3340	2150	https://gallica.bnf.fr/iiif/ark:/12148/btv1b83019074/canvas/f2
23337	23337	f2	10	1	1683	474	109	82	告		0		https://gallica.bnf.fr/iiif/ark:/12148/btv1b83019074/f2/info.json	3340	2150	https://gallica.bnf.fr/iiif/ark:/12148/btv1b83019074/canvas/f2
23338	23338	f2	10	2	1680	553	117	85	諸		0		https://gallica.bnf.fr/iiif/ark:/12148/btv1b83019074/f2/info.json	3340	2150	https://gallica.bnf.fr/iiif/ark:/12148/btv1b83019074/canvas/f2
23339	23339	f2	10	3	1704	631	84	74	比		0		https://gallica.bnf.fr/iiif/ark:/12148/btv1b83019074/f2/info.json	3340	2150	https://gallica.bnf.fr/iiif/ark:/12148/btv1b83019074/canvas/f2
23340	23340	f2	10	4	1683	714	106	70	丘		0		https://gallica.bnf.fr/iiif/ark:/12148/btv1b83019074/f2/info.json	3340	2150	https://gallica.bnf.fr/iiif/ark:/12148/btv1b83019074/canvas/f2
23341	23341	f2	10	5	1701	785	91	75	汝		0		https://gallica.bnf.fr/iiif/ark:/12148/btv1b83019074/f2/info.json	3340	2150	https://gallica.bnf.fr/iiif/ark:/12148/btv1b83019074/canvas/f2
23342	23342	f2	10	6	1683	859	111	92	等		0		https://gallica.bnf.fr/iiif/ark:/12148/btv1b83019074/f2/info.json	3340	2150	https://gallica.bnf.fr/iiif/ark:/12148/btv1b83019074/canvas/f2
23343	23343	f2	10	7	1700	944	101	84	見		0		https://gallica.bnf.fr/iiif/ark:/12148/btv1b83019074/f2/info.json	3340	2150	https://gallica.bnf.fr/iiif/ark:/12148/btv1b83019074/canvas/f2
23344	23344	f2	10	8	1681	1024	127	91	是		0		https://gallica.bnf.fr/iiif/ark:/12148/btv1b83019074/f2/info.json	3340	2150	https://gallica.bnf.fr/iiif/ark:/12148/btv1b83019074/canvas/f2
23345	23345	f2	10	9	1703	1113	85	76	富		0		https://gallica.bnf.fr/iiif/ark:/12148/btv1b83019074/f2/info.json	3340	2150	https://gallica.bnf.fr/iiif/ark:/12148/btv1b83019074/canvas/f2
23346	23346	f2	10	10	1689	1185	109	89	樓		0		https://gallica.bnf.fr/iiif/ark:/12148/btv1b83019074/f2/info.json	3340	2150	https://gallica.bnf.fr/iiif/ark:/12148/btv1b83019074/canvas/f2
23347	23347	f2	10	11	1689	1271	111	83	那		0		https://gallica.bnf.fr/iiif/ark:/12148/btv1b83019074/f2/info.json	3340	2150	https://gallica.bnf.fr/iiif/ark:/12148/btv1b83019074/canvas/f2
23348	23348	f2	10	12	1701	1352	94	79	彌		0		https://gallica.bnf.fr/iiif/ark:/12148/btv1b83019074/f2/info.json	3340	2150	https://gallica.bnf.fr/iiif/ark:/12148/btv1b83019074/canvas/f2
23349	23349	f2	10	13	1703	1430	89	95	多		0		https://gallica.bnf.fr/iiif/ark:/12148/btv1b83019074/f2/info.json	3340	2150	https://gallica.bnf.fr/iiif/ark:/12148/btv1b83019074/canvas/f2
23350	23350	f2	10	14	1695	1521	111	85	羅		0		https://gallica.bnf.fr/iiif/ark:/12148/btv1b83019074/f2/info.json	3340	2150	https://gallica.bnf.fr/iiif/ark:/12148/btv1b83019074/canvas/f2
23351	23351	f2	10	15	1694	1602	97	75	尼		0		https://gallica.bnf.fr/iiif/ark:/12148/btv1b83019074/f2/info.json	3340	2150	https://gallica.bnf.fr/iiif/ark:/12148/btv1b83019074/canvas/f2
23352	23352	f2	10	16	1718	1675	82	81	子		0		https://gallica.bnf.fr/iiif/ark:/12148/btv1b83019074/f2/info.json	3340	2150	https://gallica.bnf.fr/iiif/ark:/12148/btv1b83019074/canvas/f2
23353	23353	f2	11	0	1556	390	111	75	不		0		https://gallica.bnf.fr/iiif/ark:/12148/btv1b83019074/f2/info.json	3340	2150	https://gallica.bnf.fr/iiif/ark:/12148/btv1b83019074/canvas/f2
23354	23354	f2	11	1	1561	462	103	91	我		0		https://gallica.bnf.fr/iiif/ark:/12148/btv1b83019074/f2/info.json	3340	2150	https://gallica.bnf.fr/iiif/ark:/12148/btv1b83019074/canvas/f2
23355	23355	f2	11	2	1569	547	94	86	常		0		https://gallica.bnf.fr/iiif/ark:/12148/btv1b83019074/f2/info.json	3340	2150	https://gallica.bnf.fr/iiif/ark:/12148/btv1b83019074/canvas/f2
23356	23356	f2	11	3	1558	630	110	85	稱		0		https://gallica.bnf.fr/iiif/ark:/12148/btv1b83019074/f2/info.json	3340	2150	https://gallica.bnf.fr/iiif/ark:/12148/btv1b83019074/canvas/f2
23357	23357	f2	11	4	1558	714	111	82	其		0		https://gallica.bnf.fr/iiif/ark:/12148/btv1b83019074/f2/info.json	3340	2150	https://gallica.bnf.fr/iiif/ark:/12148/btv1b83019074/canvas/f2
23358	23358	f2	11	5	1567	794	108	82	於		0		https://gallica.bnf.fr/iiif/ark:/12148/btv1b83019074/f2/info.json	3340	2150	https://gallica.bnf.fr/iiif/ark:/12148/btv1b83019074/canvas/f2
23359	23359	f2	11	6	1556	877	126	76	説		0		https://gallica.bnf.fr/iiif/ark:/12148/btv1b83019074/f2/info.json	3340	2150	https://gallica.bnf.fr/iiif/ark:/12148/btv1b83019074/canvas/f2
23360	23360	f2	11	7	1567	946	97	77	法		0		https://gallica.bnf.fr/iiif/ark:/12148/btv1b83019074/f2/info.json	3340	2150	https://gallica.bnf.fr/iiif/ark:/12148/btv1b83019074/canvas/f2
23361	23361	f2	11	8	1563	1020	113	70	人		0		https://gallica.bnf.fr/iiif/ark:/12148/btv1b83019074/f2/info.json	3340	2150	https://gallica.bnf.fr/iiif/ark:/12148/btv1b83019074/canvas/f2
23362	23362	f2	11	9	1573	1095	95	78	中		0		https://gallica.bnf.fr/iiif/ark:/12148/btv1b83019074/f2/info.json	3340	2150	https://gallica.bnf.fr/iiif/ark:/12148/btv1b83019074/canvas/f2
23363	23363	f2	11	10	1568	1168	101	96	最		0		https://gallica.bnf.fr/iiif/ark:/12148/btv1b83019074/f2/info.json	3340	2150	https://gallica.bnf.fr/iiif/ark:/12148/btv1b83019074/canvas/f2
23364	23364	f2	11	11	1578	1266	93	81	爲		0		https://gallica.bnf.fr/iiif/ark:/12148/btv1b83019074/f2/info.json	3340	2150	https://gallica.bnf.fr/iiif/ark:/12148/btv1b83019074/canvas/f2
23365	23365	f2	11	12	1574	1346	101	98	第		0		https://gallica.bnf.fr/iiif/ark:/12148/btv1b83019074/f2/info.json	3340	2150	https://gallica.bnf.fr/iiif/ark:/12148/btv1b83019074/canvas/f2
23366	23366	f2	11	13	1567	1444	116	50	一		0		https://gallica.bnf.fr/iiif/ark:/12148/btv1b83019074/f2/info.json	3340	2150	https://gallica.bnf.fr/iiif/ark:/12148/btv1b83019074/canvas/f2
23367	23367	f2	11	14	1563	1509	111	81	亦		0		https://gallica.bnf.fr/iiif/ark:/12148/btv1b83019074/f2/info.json	3340	2150	https://gallica.bnf.fr/iiif/ark:/12148/btv1b83019074/canvas/f2
23368	23368	f2	11	15	1575	1589	105	92	常		0		https://gallica.bnf.fr/iiif/ark:/12148/btv1b83019074/f2/info.json	3340	2150	https://gallica.bnf.fr/iiif/ark:/12148/btv1b83019074/canvas/f2
23369	23369	f2	11	16	1582	1675	98	77	歎		0		https://gallica.bnf.fr/iiif/ark:/12148/btv1b83019074/f2/info.json	3340	2150	https://gallica.bnf.fr/iiif/ark:/12148/btv1b83019074/canvas/f2
23370	23370	f2	12	0	1420	388	109	86	其		0		https://gallica.bnf.fr/iiif/ark:/12148/btv1b83019074/f2/info.json	3340	2150	https://gallica.bnf.fr/iiif/ark:/12148/btv1b83019074/canvas/f2
23371	23371	f2	12	1	1433	476	98	80	種		0		https://gallica.bnf.fr/iiif/ark:/12148/btv1b83019074/f2/info.json	3340	2150	https://gallica.bnf.fr/iiif/ark:/12148/btv1b83019074/canvas/f2
23372	23372	f2	12	2	1426	557	108	84	種		0		https://gallica.bnf.fr/iiif/ark:/12148/btv1b83019074/f2/info.json	3340	2150	https://gallica.bnf.fr/iiif/ark:/12148/btv1b83019074/canvas/f2
23373	23373	f2	12	3	1437	647	100	74	功		0		https://gallica.bnf.fr/iiif/ark:/12148/btv1b83019074/f2/info.json	3340	2150	https://gallica.bnf.fr/iiif/ark:/12148/btv1b83019074/canvas/f2
23374	23374	f2	12	4	1440	712	107	91	徳		0		https://gallica.bnf.fr/iiif/ark:/12148/btv1b83019074/f2/info.json	3340	2150	https://gallica.bnf.fr/iiif/ark:/12148/btv1b83019074/canvas/f2
23375	23375	f2	12	5	1429	802	103	88	精		0		https://gallica.bnf.fr/iiif/ark:/12148/btv1b83019074/f2/info.json	3340	2150	https://gallica.bnf.fr/iiif/ark:/12148/btv1b83019074/canvas/f2
23376	23376	f2	12	6	1445	888	93	90	懃		0		https://gallica.bnf.fr/iiif/ark:/12148/btv1b83019074/f2/info.json	3340	2150	https://gallica.bnf.fr/iiif/ark:/12148/btv1b83019074/canvas/f2
23377	23377	f2	12	7	1427	972	125	86	護		0		https://gallica.bnf.fr/iiif/ark:/12148/btv1b83019074/f2/info.json	3340	2150	https://gallica.bnf.fr/iiif/ark:/12148/btv1b83019074/canvas/f2
23378	23378	f2	12	8	1447	1052	95	84	持		0		https://gallica.bnf.fr/iiif/ark:/12148/btv1b83019074/f2/info.json	3340	2150	https://gallica.bnf.fr/iiif/ark:/12148/btv1b83019074/canvas/f2
23379	23379	f2	12	9	1456	1131	85	70	助		0		https://gallica.bnf.fr/iiif/ark:/12148/btv1b83019074/f2/info.json	3340	2150	https://gallica.bnf.fr/iiif/ark:/12148/btv1b83019074/canvas/f2
23380	23380	f2	12	10	1452	1197	95	80	宣		0		https://gallica.bnf.fr/iiif/ark:/12148/btv1b83019074/f2/info.json	3340	2150	https://gallica.bnf.fr/iiif/ark:/12148/btv1b83019074/canvas/f2
23381	23381	f2	12	11	1448	1273	105	85	我		0		https://gallica.bnf.fr/iiif/ark:/12148/btv1b83019074/f2/info.json	3340	2150	https://gallica.bnf.fr/iiif/ark:/12148/btv1b83019074/canvas/f2
23382	23382	f2	12	12	1452	1356	97	77	法		0		https://gallica.bnf.fr/iiif/ark:/12148/btv1b83019074/f2/info.json	3340	2150	https://gallica.bnf.fr/iiif/ark:/12148/btv1b83019074/canvas/f2
23383	23383	f2	12	13	1439	1431	113	90	能		0		https://gallica.bnf.fr/iiif/ark:/12148/btv1b83019074/f2/info.json	3340	2150	https://gallica.bnf.fr/iiif/ark:/12148/btv1b83019074/canvas/f2
23384	23384	f2	12	14	1451	1525	105	75	於		0		https://gallica.bnf.fr/iiif/ark:/12148/btv1b83019074/f2/info.json	3340	2150	https://gallica.bnf.fr/iiif/ark:/12148/btv1b83019074/canvas/f2
23385	23385	f2	12	15	1453	1607	95	57	四		0		https://gallica.bnf.fr/iiif/ark:/12148/btv1b83019074/f2/info.json	3340	2150	https://gallica.bnf.fr/iiif/ark:/12148/btv1b83019074/canvas/f2
23386	23386	f2	12	16	1451	1663	106	94	衆		0		https://gallica.bnf.fr/iiif/ark:/12148/btv1b83019074/f2/info.json	3340	2150	https://gallica.bnf.fr/iiif/ark:/12148/btv1b83019074/canvas/f2
23387	23387	f2	13	0	1303	389	94	74	示		0		https://gallica.bnf.fr/iiif/ark:/12148/btv1b83019074/f2/info.json	3340	2150	https://gallica.bnf.fr/iiif/ark:/12148/btv1b83019074/canvas/f2
23388	23388	f2	13	1	1292	464	129	95	教		0		https://gallica.bnf.fr/iiif/ark:/12148/btv1b83019074/f2/info.json	3340	2150	https://gallica.bnf.fr/iiif/ark:/12148/btv1b83019074/canvas/f2
23389	23389	f2	13	2	1301	558	100	82	利		0		https://gallica.bnf.fr/iiif/ark:/12148/btv1b83019074/f2/info.json	3340	2150	https://gallica.bnf.fr/iiif/ark:/12148/btv1b83019074/canvas/f2
23390	23390	f2	13	3	1292	637	120	79	喜		0		https://gallica.bnf.fr/iiif/ark:/12148/btv1b83019074/f2/info.json	3340	2150	https://gallica.bnf.fr/iiif/ark:/12148/btv1b83019074/canvas/f2
23391	23391	f2	13	4	1294	719	120	79	具		0		https://gallica.bnf.fr/iiif/ark:/12148/btv1b83019074/f2/info.json	3340	2150	https://gallica.bnf.fr/iiif/ark:/12148/btv1b83019074/canvas/f2
23392	23392	f2	13	5	1317	795	99	85	足		0		https://gallica.bnf.fr/iiif/ark:/12148/btv1b83019074/f2/info.json	3340	2150	https://gallica.bnf.fr/iiif/ark:/12148/btv1b83019074/canvas/f2
23393	23393	f2	13	6	1313	874	101	78	解		0		https://gallica.bnf.fr/iiif/ark:/12148/btv1b83019074/f2/info.json	3340	2150	https://gallica.bnf.fr/iiif/ark:/12148/btv1b83019074/canvas/f2
23394	23394	f2	13	7	1305	957	117	85	釋		0		https://gallica.bnf.fr/iiif/ark:/12148/btv1b83019074/f2/info.json	3340	2150	https://gallica.bnf.fr/iiif/ark:/12148/btv1b83019074/canvas/f2
23395	23395	f2	13	8	1311	1042	108	82	佛		0		https://gallica.bnf.fr/iiif/ark:/12148/btv1b83019074/f2/info.json	3340	2150	https://gallica.bnf.fr/iiif/ark:/12148/btv1b83019074/canvas/f2
23396	23396	f2	13	9	1323	1122	99	66	之		0		https://gallica.bnf.fr/iiif/ark:/12148/btv1b83019074/f2/info.json	3340	2150	https://gallica.bnf.fr/iiif/ark:/12148/btv1b83019074/canvas/f2
23397	23397	f2	13	10	1334	1188	76	72	正		0		https://gallica.bnf.fr/iiif/ark:/12148/btv1b83019074/f2/info.json	3340	2150	https://gallica.bnf.fr/iiif/ark:/12148/btv1b83019074/canvas/f2
23398	23398	f2	13	11	1325	1266	85	74	法		0		https://gallica.bnf.fr/iiif/ark:/12148/btv1b83019074/f2/info.json	3340	2150	https://gallica.bnf.fr/iiif/ark:/12148/btv1b83019074/canvas/f2
23399	23399	f2	13	12	1323	1350	95	84	而		0		https://gallica.bnf.fr/iiif/ark:/12148/btv1b83019074/f2/info.json	3340	2150	https://gallica.bnf.fr/iiif/ark:/12148/btv1b83019074/canvas/f2
23400	23400	f2	13	13	1318	1432	104	85	大		0		https://gallica.bnf.fr/iiif/ark:/12148/btv1b83019074/f2/info.json	3340	2150	https://gallica.bnf.fr/iiif/ark:/12148/btv1b83019074/canvas/f2
23401	23401	f2	13	14	1305	1517	117	87	饒		0		https://gallica.bnf.fr/iiif/ark:/12148/btv1b83019074/f2/info.json	3340	2150	https://gallica.bnf.fr/iiif/ark:/12148/btv1b83019074/canvas/f2
23402	23402	f2	13	15	1313	1603	115	75	益		0		https://gallica.bnf.fr/iiif/ark:/12148/btv1b83019074/f2/info.json	3340	2150	https://gallica.bnf.fr/iiif/ark:/12148/btv1b83019074/canvas/f2
23403	23403	f2	13	16	1321	1680	95	77	同		0		https://gallica.bnf.fr/iiif/ark:/12148/btv1b83019074/f2/info.json	3340	2150	https://gallica.bnf.fr/iiif/ark:/12148/btv1b83019074/canvas/f2
23404	23404	f2	14	0	1176	382	105	101	梵		0		https://gallica.bnf.fr/iiif/ark:/12148/btv1b83019074/f2/info.json	3340	2150	https://gallica.bnf.fr/iiif/ark:/12148/btv1b83019074/canvas/f2
23405	23405	f2	14	1	1183	478	96	81	行		0		https://gallica.bnf.fr/iiif/ark:/12148/btv1b83019074/f2/info.json	3340	2150	https://gallica.bnf.fr/iiif/ark:/12148/btv1b83019074/canvas/f2
23406	23406	f2	14	2	1177	553	101	85	者		0		https://gallica.bnf.fr/iiif/ark:/12148/btv1b83019074/f2/info.json	3340	2150	https://gallica.bnf.fr/iiif/ark:/12148/btv1b83019074/canvas/f2
23407	23407	f2	14	3	1200	637	73	71	自		0		https://gallica.bnf.fr/iiif/ark:/12148/btv1b83019074/f2/info.json	3340	2150	https://gallica.bnf.fr/iiif/ark:/12148/btv1b83019074/canvas/f2
23408	23408	f2	14	4	1183	707	112	80	捨		0		https://gallica.bnf.fr/iiif/ark:/12148/btv1b83019074/f2/info.json	3340	2150	https://gallica.bnf.fr/iiif/ark:/12148/btv1b83019074/canvas/f2
23409	23409	f2	14	5	1172	792	108	66	如		0		https://gallica.bnf.fr/iiif/ark:/12148/btv1b83019074/f2/info.json	3340	2150	https://gallica.bnf.fr/iiif/ark:/12148/btv1b83019074/canvas/f2
23410	23410	f2	14	6	1182	856	105	90	來		0		https://gallica.bnf.fr/iiif/ark:/12148/btv1b83019074/f2/info.json	3340	2150	https://gallica.bnf.fr/iiif/ark:/12148/btv1b83019074/canvas/f2
23411	23411	f2	14	7	1194	953	92	69	無		0		https://gallica.bnf.fr/iiif/ark:/12148/btv1b83019074/f2/info.json	3340	2150	https://gallica.bnf.fr/iiif/ark:/12148/btv1b83019074/canvas/f2
23412	23412	f2	14	8	1182	1019	95	81	能		0		https://gallica.bnf.fr/iiif/ark:/12148/btv1b83019074/f2/info.json	3340	2150	https://gallica.bnf.fr/iiif/ark:/12148/btv1b83019074/canvas/f2
23413	23413	f2	14	9	1180	1098	104	89	盡		0		https://gallica.bnf.fr/iiif/ark:/12148/btv1b83019074/f2/info.json	3340	2150	https://gallica.bnf.fr/iiif/ark:/12148/btv1b83019074/canvas/f2
23414	23414	f2	14	10	1174	1184	110	85	其		0		https://gallica.bnf.fr/iiif/ark:/12148/btv1b83019074/f2/info.json	3340	2150	https://gallica.bnf.fr/iiif/ark:/12148/btv1b83019074/canvas/f2
23415	23415	f2	14	11	1183	1268	103	75	言		0		https://gallica.bnf.fr/iiif/ark:/12148/btv1b83019074/f2/info.json	3340	2150	https://gallica.bnf.fr/iiif/ark:/12148/btv1b83019074/canvas/f2
23416	23416	f2	14	12	1173	1347	125	79	論		0		https://gallica.bnf.fr/iiif/ark:/12148/btv1b83019074/f2/info.json	3340	2150	https://gallica.bnf.fr/iiif/ark:/12148/btv1b83019074/canvas/f2
23417	23417	f2	14	13	1194	1429	91	70	之		0		https://gallica.bnf.fr/iiif/ark:/12148/btv1b83019074/f2/info.json	3340	2150	https://gallica.bnf.fr/iiif/ark:/12148/btv1b83019074/canvas/f2
23418	23418	f2	14	14	1177	1499	109	94	辯		0		https://gallica.bnf.fr/iiif/ark:/12148/btv1b83019074/f2/info.json	3340	2150	https://gallica.bnf.fr/iiif/ark:/12148/btv1b83019074/canvas/f2
23419	23419	f2	14	15	1192	1591	96	75	汝		0		https://gallica.bnf.fr/iiif/ark:/12148/btv1b83019074/f2/info.json	3340	2150	https://gallica.bnf.fr/iiif/ark:/12148/btv1b83019074/canvas/f2
23420	23420	f2	14	16	1187	1667	101	91	等		0		https://gallica.bnf.fr/iiif/ark:/12148/btv1b83019074/f2/info.json	3340	2150	https://gallica.bnf.fr/iiif/ark:/12148/btv1b83019074/canvas/f2
23421	23421	f2	15	0	1056	391	87	75	勿		0		https://gallica.bnf.fr/iiif/ark:/12148/btv1b83019074/f2/info.json	3340	2150	https://gallica.bnf.fr/iiif/ark:/12148/btv1b83019074/canvas/f2
23422	23422	f2	15	1	1040	470	111	87	謂		0		https://gallica.bnf.fr/iiif/ark:/12148/btv1b83019074/f2/info.json	3340	2150	https://gallica.bnf.fr/iiif/ark:/12148/btv1b83019074/canvas/f2
23423	23423	f2	15	2	1051	554	89	71	富		0		https://gallica.bnf.fr/iiif/ark:/12148/btv1b83019074/f2/info.json	3340	2150	https://gallica.bnf.fr/iiif/ark:/12148/btv1b83019074/canvas/f2
23424	23424	f2	15	3	1048	625	102	86	樓		0		https://gallica.bnf.fr/iiif/ark:/12148/btv1b83019074/f2/info.json	3340	2150	https://gallica.bnf.fr/iiif/ark:/12148/btv1b83019074/canvas/f2
23425	23425	f2	15	4	1049	715	102	75	那		0		https://gallica.bnf.fr/iiif/ark:/12148/btv1b83019074/f2/info.json	3340	2150	https://gallica.bnf.fr/iiif/ark:/12148/btv1b83019074/canvas/f2
23426	23426	f2	15	5	1049	793	111	75	但		0		https://gallica.bnf.fr/iiif/ark:/12148/btv1b83019074/f2/info.json	3340	2150	https://gallica.bnf.fr/iiif/ark:/12148/btv1b83019074/canvas/f2
23427	23427	f2	15	6	1048	864	105	89	能		0		https://gallica.bnf.fr/iiif/ark:/12148/btv1b83019074/f2/info.json	3340	2150	https://gallica.bnf.fr/iiif/ark:/12148/btv1b83019074/canvas/f2
23428	23428	f2	15	7	1043	949	120	85	護		0		https://gallica.bnf.fr/iiif/ark:/12148/btv1b83019074/f2/info.json	3340	2150	https://gallica.bnf.fr/iiif/ark:/12148/btv1b83019074/canvas/f2
23429	23429	f2	15	8	1062	1026	96	92	持		0		https://gallica.bnf.fr/iiif/ark:/12148/btv1b83019074/f2/info.json	3340	2150	https://gallica.bnf.fr/iiif/ark:/12148/btv1b83019074/canvas/f2
23430	23430	f2	15	9	1071	1118	86	72	助		0		https://gallica.bnf.fr/iiif/ark:/12148/btv1b83019074/f2/info.json	3340	2150	https://gallica.bnf.fr/iiif/ark:/12148/btv1b83019074/canvas/f2
23431	23431	f2	15	10	1064	1187	97	81	宣		0		https://gallica.bnf.fr/iiif/ark:/12148/btv1b83019074/f2/info.json	3340	2150	https://gallica.bnf.fr/iiif/ark:/12148/btv1b83019074/canvas/f2
23432	23432	f2	15	11	1062	1263	94	88	我		0		https://gallica.bnf.fr/iiif/ark:/12148/btv1b83019074/f2/info.json	3340	2150	https://gallica.bnf.fr/iiif/ark:/12148/btv1b83019074/canvas/f2
23433	23433	f2	15	12	1071	1351	82	75	法		0		https://gallica.bnf.fr/iiif/ark:/12148/btv1b83019074/f2/info.json	3340	2150	https://gallica.bnf.fr/iiif/ark:/12148/btv1b83019074/canvas/f2
23434	23434	f2	15	13	1064	1435	101	79	亦		0		https://gallica.bnf.fr/iiif/ark:/12148/btv1b83019074/f2/info.json	3340	2150	https://gallica.bnf.fr/iiif/ark:/12148/btv1b83019074/canvas/f2
23435	23435	f2	15	14	1062	1520	108	80	於		0		https://gallica.bnf.fr/iiif/ark:/12148/btv1b83019074/f2/info.json	3340	2150	https://gallica.bnf.fr/iiif/ark:/12148/btv1b83019074/canvas/f2
23436	23436	f2	15	15	1063	1603	102	77	過		0		https://gallica.bnf.fr/iiif/ark:/12148/btv1b83019074/f2/info.json	3340	2150	https://gallica.bnf.fr/iiif/ark:/12148/btv1b83019074/canvas/f2
23437	23437	f2	15	16	1061	1672	105	77	去		0		https://gallica.bnf.fr/iiif/ark:/12148/btv1b83019074/f2/info.json	3340	2150	https://gallica.bnf.fr/iiif/ark:/12148/btv1b83019074/canvas/f2
23438	23438	f2	16	0	920	386	99	71	九		0		https://gallica.bnf.fr/iiif/ark:/12148/btv1b83019074/f2/info.json	3340	2150	https://gallica.bnf.fr/iiif/ark:/12148/btv1b83019074/canvas/f2
23439	23439	f2	16	1	924	461	92	75	十		0		https://gallica.bnf.fr/iiif/ark:/12148/btv1b83019074/f2/info.json	3340	2150	https://gallica.bnf.fr/iiif/ark:/12148/btv1b83019074/canvas/f2
23440	23440	f2	16	2	918	539	109	85	億		0		https://gallica.bnf.fr/iiif/ark:/12148/btv1b83019074/f2/info.json	3340	2150	https://gallica.bnf.fr/iiif/ark:/12148/btv1b83019074/canvas/f2
23441	23441	f2	16	3	917	617	113	88	諸		0		https://gallica.bnf.fr/iiif/ark:/12148/btv1b83019074/f2/info.json	3340	2150	https://gallica.bnf.fr/iiif/ark:/12148/btv1b83019074/canvas/f2
23442	23442	f2	16	4	923	707	100	80	佛		0		https://gallica.bnf.fr/iiif/ark:/12148/btv1b83019074/f2/info.json	3340	2150	https://gallica.bnf.fr/iiif/ark:/12148/btv1b83019074/canvas/f2
23443	23443	f2	16	5	923	796	103	75	所		0		https://gallica.bnf.fr/iiif/ark:/12148/btv1b83019074/f2/info.json	3340	2150	https://gallica.bnf.fr/iiif/ark:/12148/btv1b83019074/canvas/f2
23444	23444	f2	16	6	913	868	121	86	護		0		https://gallica.bnf.fr/iiif/ark:/12148/btv1b83019074/f2/info.json	3340	2150	https://gallica.bnf.fr/iiif/ark:/12148/btv1b83019074/canvas/f2
23445	23445	f2	16	7	932	947	92	89	持		0		https://gallica.bnf.fr/iiif/ark:/12148/btv1b83019074/f2/info.json	3340	2150	https://gallica.bnf.fr/iiif/ark:/12148/btv1b83019074/canvas/f2
