# manifest	= https://gallica.bnf.fr/iiif/ark:/12148/btv1b83018108/manifest.json
# osid	sid	ln	cn	x	y	w	h	char	hng-gid	flg	remarks	img	mx	my	canvas
13	13	0	29	3096	1874	73	74	涅		0		https://gallica.bnf.fr/iiif/ark:/12148/btv1b83018108/f1/info.json	3336	2385	https://gallica.bnf.fr/iiif/ark:/12148/btv1b83018108/canvas/f1
14	14	0	30	3089	1963	93	76	槃		0		https://gallica.bnf.fr/iiif/ark:/12148/btv1b83018108/f1/info.json	3336	2385	https://gallica.bnf.fr/iiif/ark:/12148/btv1b83018108/canvas/f1
15	15	1	28	2995	1812	67	60	不		0		https://gallica.bnf.fr/iiif/ark:/12148/btv1b83018108/f1/info.json	3336	2385	https://gallica.bnf.fr/iiif/ark:/12148/btv1b83018108/canvas/f1
16	16	1	29	2992	1886	73	73	可		0		https://gallica.bnf.fr/iiif/ark:/12148/btv1b83018108/f1/info.json	3336	2385	https://gallica.bnf.fr/iiif/ark:/12148/btv1b83018108/canvas/f1
17	17	1	30	2980	1967	103	86	議		0		https://gallica.bnf.fr/iiif/ark:/12148/btv1b83018108/f1/info.json	3336	2385	https://gallica.bnf.fr/iiif/ark:/12148/btv1b83018108/canvas/f1
18	18	2	27	2886	1726	72	66	至		0		https://gallica.bnf.fr/iiif/ark:/12148/btv1b83018108/f1/info.json	3336	2385	https://gallica.bnf.fr/iiif/ark:/12148/btv1b83018108/canvas/f1
19	19	2	28	2885	1809	77	63	不		0		https://gallica.bnf.fr/iiif/ark:/12148/btv1b83018108/f1/info.json	3336	2385	https://gallica.bnf.fr/iiif/ark:/12148/btv1b83018108/canvas/f1
20	20	2	29	2883	1889	75	62	可		0		https://gallica.bnf.fr/iiif/ark:/12148/btv1b83018108/f1/info.json	3336	2385	https://gallica.bnf.fr/iiif/ark:/12148/btv1b83018108/canvas/f1
21	21	2	30	2877	1974	97	82	議		0		https://gallica.bnf.fr/iiif/ark:/12148/btv1b83018108/f1/info.json	3336	2385	https://gallica.bnf.fr/iiif/ark:/12148/btv1b83018108/canvas/f1
22	22	3	24	2768	1518	88	80	行		0		https://gallica.bnf.fr/iiif/ark:/12148/btv1b83018108/f1/info.json	3336	2385	https://gallica.bnf.fr/iiif/ark:/12148/btv1b83018108/canvas/f1
23	23	3	24	2768	1518	88	80	行		0		https://gallica.bnf.fr/iiif/ark:/12148/btv1b83018108/f1/info.json	3336	2385	https://gallica.bnf.fr/iiif/ark:/12148/btv1b83018108/canvas/f1
24	24	3	25	2767	1597	95	82	者		0		https://gallica.bnf.fr/iiif/ark:/12148/btv1b83018108/f1/info.json	3336	2385	https://gallica.bnf.fr/iiif/ark:/12148/btv1b83018108/canvas/f1
25	25	3	27	2771	1722	99	77	於		0		https://gallica.bnf.fr/iiif/ark:/12148/btv1b83018108/f1/info.json	3336	2385	https://gallica.bnf.fr/iiif/ark:/12148/btv1b83018108/canvas/f1
26	26	3	28	2774	1804	90	84	佛		0		https://gallica.bnf.fr/iiif/ark:/12148/btv1b83018108/f1/info.json	3336	2385	https://gallica.bnf.fr/iiif/ark:/12148/btv1b83018108/canvas/f1
27	27	3	29	2777	1885	95	81	滅		0		https://gallica.bnf.fr/iiif/ark:/12148/btv1b83018108/f1/info.json	3336	2385	https://gallica.bnf.fr/iiif/ark:/12148/btv1b83018108/canvas/f1
28	28	3	30	2767	1983	105	78	後		0		https://gallica.bnf.fr/iiif/ark:/12148/btv1b83018108/f1/info.json	3336	2385	https://gallica.bnf.fr/iiif/ark:/12148/btv1b83018108/canvas/f1
29	29	4	22	2660	1367	93	93	應		0		https://gallica.bnf.fr/iiif/ark:/12148/btv1b83018108/f1/info.json	3336	2385	https://gallica.bnf.fr/iiif/ark:/12148/btv1b83018108/canvas/f1
30	30	4	23	2659	1467	93	83	當		0		https://gallica.bnf.fr/iiif/ark:/12148/btv1b83018108/f1/info.json	3336	2385	https://gallica.bnf.fr/iiif/ark:/12148/btv1b83018108/canvas/f1
31	31	4	24	2663	1569	89	45	一		0		https://gallica.bnf.fr/iiif/ark:/12148/btv1b83018108/f1/info.json	3336	2385	https://gallica.bnf.fr/iiif/ark:/12148/btv1b83018108/canvas/f1
32	32	4	25	2661	1629	90	59	心		0		https://gallica.bnf.fr/iiif/ark:/12148/btv1b83018108/f1/info.json	3336	2385	https://gallica.bnf.fr/iiif/ark:/12148/btv1b83018108/canvas/f1
33	33	4	27	2655	1731	97	90	廣		0		https://gallica.bnf.fr/iiif/ark:/12148/btv1b83018108/f1/info.json	3336	2385	https://gallica.bnf.fr/iiif/ark:/12148/btv1b83018108/canvas/f1
34	34	4	28	2658	1824	107	82	説		0		https://gallica.bnf.fr/iiif/ark:/12148/btv1b83018108/f1/info.json	3336	2385	https://gallica.bnf.fr/iiif/ark:/12148/btv1b83018108/canvas/f1
35	35	4	29	2665	1911	90	67	此		0		https://gallica.bnf.fr/iiif/ark:/12148/btv1b83018108/f1/info.json	3336	2385	https://gallica.bnf.fr/iiif/ark:/12148/btv1b83018108/canvas/f1
36	36	4	30	2676	1997	85	67	經		0		https://gallica.bnf.fr/iiif/ark:/12148/btv1b83018108/f1/info.json	3336	2385	https://gallica.bnf.fr/iiif/ark:/12148/btv1b83018108/canvas/f1
37	37	5	19	2546	1161	86	95	佛		0		https://gallica.bnf.fr/iiif/ark:/12148/btv1b83018108/f1/info.json	3336	2385	https://gallica.bnf.fr/iiif/ark:/12148/btv1b83018108/canvas/f1
38	38	5	20	2551	1251	87	93	道		0		https://gallica.bnf.fr/iiif/ark:/12148/btv1b83018108/f1/info.json	3336	2385	https://gallica.bnf.fr/iiif/ark:/12148/btv1b83018108/canvas/f1
39	39	6	13	2429	635	93	82	妙		0		https://gallica.bnf.fr/iiif/ark:/12148/btv1b83018108/f1/info.json	3336	2385	https://gallica.bnf.fr/iiif/ark:/12148/btv1b83018108/canvas/f1
40	40	6	14	2446	706	74	59	法		0		https://gallica.bnf.fr/iiif/ark:/12148/btv1b83018108/f1/info.json	3336	2385	https://gallica.bnf.fr/iiif/ark:/12148/btv1b83018108/canvas/f1
41	41	6	15	2443	750	87	80	蓮		0		https://gallica.bnf.fr/iiif/ark:/12148/btv1b83018108/f1/info.json	3336	2385	https://gallica.bnf.fr/iiif/ark:/12148/btv1b83018108/canvas/f1
42	42	6	16	2433	813	113	79	華		0		https://gallica.bnf.fr/iiif/ark:/12148/btv1b83018108/f1/info.json	3336	2385	https://gallica.bnf.fr/iiif/ark:/12148/btv1b83018108/canvas/f1
43	43	6	17	2440	880	93	68	經		0		https://gallica.bnf.fr/iiif/ark:/12148/btv1b83018108/f1/info.json	3336	2385	https://gallica.bnf.fr/iiif/ark:/12148/btv1b83018108/canvas/f1
44	44	6	18	2437	933	93	50	如		0		https://gallica.bnf.fr/iiif/ark:/12148/btv1b83018108/f1/info.json	3336	2385	https://gallica.bnf.fr/iiif/ark:/12148/btv1b83018108/canvas/f1
45	45	6	19	2437	971	100	79	來		0		https://gallica.bnf.fr/iiif/ark:/12148/btv1b83018108/f1/info.json	3336	2385	https://gallica.bnf.fr/iiif/ark:/12148/btv1b83018108/canvas/f1
46	46	6	20	2438	1024	124	106	神		0		https://gallica.bnf.fr/iiif/ark:/12148/btv1b83018108/f1/info.json	3336	2385	https://gallica.bnf.fr/iiif/ark:/12148/btv1b83018108/canvas/f1
47	47	6	21	2446	1103	81	68	力		0		https://gallica.bnf.fr/iiif/ark:/12148/btv1b83018108/f1/info.json	3336	2385	https://gallica.bnf.fr/iiif/ark:/12148/btv1b83018108/canvas/f1
48	48	6	22	2446	1154	87	60	品		0		https://gallica.bnf.fr/iiif/ark:/12148/btv1b83018108/f1/info.json	3336	2385	https://gallica.bnf.fr/iiif/ark:/12148/btv1b83018108/canvas/f1
49	49	6	23	2448	1199	76	92	第		0		https://gallica.bnf.fr/iiif/ark:/12148/btv1b83018108/f1/info.json	3336	2385	https://gallica.bnf.fr/iiif/ark:/12148/btv1b83018108/canvas/f1
51	51	6	24	2445	1272	94	42	二		0		https://gallica.bnf.fr/iiif/ark:/12148/btv1b83018108/f1/info.json	3336	2385	https://gallica.bnf.fr/iiif/ark:/12148/btv1b83018108/canvas/f1
52	52	6	25	2451	1300	77	54	十		0		https://gallica.bnf.fr/iiif/ark:/12148/btv1b83018108/f1/info.json	3336	2385	https://gallica.bnf.fr/iiif/ark:/12148/btv1b83018108/canvas/f1
53	53	6	26	2450	1346	83	28	一		0		https://gallica.bnf.fr/iiif/ark:/12148/btv1b83018108/f1/info.json	3336	2385	https://gallica.bnf.fr/iiif/ark:/12148/btv1b83018108/canvas/f1
54	54	7	12	2318	642	95	71	爾		0		https://gallica.bnf.fr/iiif/ark:/12148/btv1b83018108/f1/info.json	3336	2385	https://gallica.bnf.fr/iiif/ark:/12148/btv1b83018108/canvas/f1
55	55	7	13	2330	742	87	81	時		0		https://gallica.bnf.fr/iiif/ark:/12148/btv1b83018108/f1/info.json	3336	2385	https://gallica.bnf.fr/iiif/ark:/12148/btv1b83018108/canvas/f1
56	56	7	14	2322	838	80	76	千		0		https://gallica.bnf.fr/iiif/ark:/12148/btv1b83018108/f1/info.json	3336	2385	https://gallica.bnf.fr/iiif/ark:/12148/btv1b83018108/canvas/f1
57	57	7	15	2319	932	91	54	世		0		https://gallica.bnf.fr/iiif/ark:/12148/btv1b83018108/f1/info.json	3336	2385	https://gallica.bnf.fr/iiif/ark:/12148/btv1b83018108/canvas/f1
58	58	7	16	2331	1007	72	76	界		0		https://gallica.bnf.fr/iiif/ark:/12148/btv1b83018108/f1/info.json	3336	2385	https://gallica.bnf.fr/iiif/ark:/12148/btv1b83018108/canvas/f1
59	59	7	17	2321	1088	96	74	微		0		https://gallica.bnf.fr/iiif/ark:/12148/btv1b83018108/f1/info.json	3336	2385	https://gallica.bnf.fr/iiif/ark:/12148/btv1b83018108/canvas/f1
60	60	7	18	2315	1169	94	92	塵		0		https://gallica.bnf.fr/iiif/ark:/12148/btv1b83018108/f1/info.json	3336	2385	https://gallica.bnf.fr/iiif/ark:/12148/btv1b83018108/canvas/f1
61	61	7	19	2328	1260	85	88	等		0		https://gallica.bnf.fr/iiif/ark:/12148/btv1b83018108/f1/info.json	3336	2385	https://gallica.bnf.fr/iiif/ark:/12148/btv1b83018108/canvas/f1
62	62	7	20	2320	1352	99	78	菩		0		https://gallica.bnf.fr/iiif/ark:/12148/btv1b83018108/f1/info.json	3336	2385	https://gallica.bnf.fr/iiif/ark:/12148/btv1b83018108/canvas/f1
63	63	7	21	2333	1439	84	83	薩		0		https://gallica.bnf.fr/iiif/ark:/12148/btv1b83018108/f1/info.json	3336	2385	https://gallica.bnf.fr/iiif/ark:/12148/btv1b83018108/canvas/f1
64	64	7	22	2317	1523	97	91	摩		0		https://gallica.bnf.fr/iiif/ark:/12148/btv1b83018108/f1/info.json	3336	2385	https://gallica.bnf.fr/iiif/ark:/12148/btv1b83018108/canvas/f1
65	65	7	23	2319	1614	109	84	訶		0		https://gallica.bnf.fr/iiif/ark:/12148/btv1b83018108/f1/info.json	3336	2385	https://gallica.bnf.fr/iiif/ark:/12148/btv1b83018108/canvas/f1
66	66	7	24	2342	1702	82	81	薩		0		https://gallica.bnf.fr/iiif/ark:/12148/btv1b83018108/f1/info.json	3336	2385	https://gallica.bnf.fr/iiif/ark:/12148/btv1b83018108/canvas/f1
67	67	7	25	2325	1788	104	77	從		0		https://gallica.bnf.fr/iiif/ark:/12148/btv1b83018108/f1/info.json	3336	2385	https://gallica.bnf.fr/iiif/ark:/12148/btv1b83018108/canvas/f1
68	68	7	26	2331	1870	97	64	地		0		https://gallica.bnf.fr/iiif/ark:/12148/btv1b83018108/f1/info.json	3336	2385	https://gallica.bnf.fr/iiif/ark:/12148/btv1b83018108/canvas/f1
69	69	7	27	2336	1942	78	70	踊		0		https://gallica.bnf.fr/iiif/ark:/12148/btv1b83018108/f1/info.json	3336	2385	https://gallica.bnf.fr/iiif/ark:/12148/btv1b83018108/canvas/f1
70	70	7	28	2340	2010	78	63	出		0		https://gallica.bnf.fr/iiif/ark:/12148/btv1b83018108/f1/info.json	3336	2385	https://gallica.bnf.fr/iiif/ark:/12148/btv1b83018108/canvas/f1
71	71	8	12	2191	633	89	88	者		0		https://gallica.bnf.fr/iiif/ark:/12148/btv1b83018108/f1/info.json	3336	2385	https://gallica.bnf.fr/iiif/ark:/12148/btv1b83018108/canvas/f1
72	72	8	13	2199	726	75	78	皆		0		https://gallica.bnf.fr/iiif/ark:/12148/btv1b83018108/f1/info.json	3336	2385	https://gallica.bnf.fr/iiif/ark:/12148/btv1b83018108/canvas/f1
73	73	8	14	2177	810	97	85	於		0		https://gallica.bnf.fr/iiif/ark:/12148/btv1b83018108/f1/info.json	3336	2385	https://gallica.bnf.fr/iiif/ark:/12148/btv1b83018108/canvas/f1
75	75	8	15	2177	897	96	83	佛		0		https://gallica.bnf.fr/iiif/ark:/12148/btv1b83018108/f1/info.json	3336	2385	https://gallica.bnf.fr/iiif/ark:/12148/btv1b83018108/canvas/f1
76	76	8	16	2172	983	99	82	前		0		https://gallica.bnf.fr/iiif/ark:/12148/btv1b83018108/f1/info.json	3336	2385	https://gallica.bnf.fr/iiif/ark:/12148/btv1b83018108/canvas/f1
77	77	8	17	2185	1078	87	55	一		0		https://gallica.bnf.fr/iiif/ark:/12148/btv1b83018108/f1/info.json	3336	2385	https://gallica.bnf.fr/iiif/ark:/12148/btv1b83018108/canvas/f1
79	79	8	18	2175	1157	99	59	心		0		https://gallica.bnf.fr/iiif/ark:/12148/btv1b83018108/f1/info.json	3336	2385	https://gallica.bnf.fr/iiif/ark:/12148/btv1b83018108/canvas/f1
80	80	8	19	2179	1233	102	71	合		0		https://gallica.bnf.fr/iiif/ark:/12148/btv1b83018108/f1/info.json	3336	2385	https://gallica.bnf.fr/iiif/ark:/12148/btv1b83018108/canvas/f1
81	81	8	20	2188	1319	90	96	掌		0		https://gallica.bnf.fr/iiif/ark:/12148/btv1b83018108/f1/info.json	3336	2385	https://gallica.bnf.fr/iiif/ark:/12148/btv1b83018108/canvas/f1
82	82	8	21	2183	1416	102	84	瞻		0		https://gallica.bnf.fr/iiif/ark:/12148/btv1b83018108/f1/info.json	3336	2385	https://gallica.bnf.fr/iiif/ark:/12148/btv1b83018108/canvas/f1
83	83	8	22	2185	1503	90	75	仰		0		https://gallica.bnf.fr/iiif/ark:/12148/btv1b83018108/f1/info.json	3336	2385	https://gallica.bnf.fr/iiif/ark:/12148/btv1b83018108/canvas/f1
84	84	8	23	2183	1579	96	97	尊		0		https://gallica.bnf.fr/iiif/ark:/12148/btv1b83018108/f1/info.json	3336	2385	https://gallica.bnf.fr/iiif/ark:/12148/btv1b83018108/canvas/f1
85	85	8	24	2181	1685	89	81	顏		0		https://gallica.bnf.fr/iiif/ark:/12148/btv1b83018108/f1/info.json	3336	2385	https://gallica.bnf.fr/iiif/ark:/12148/btv1b83018108/canvas/f1
86	86	8	25	2192	1770	85	65	而		0		https://gallica.bnf.fr/iiif/ark:/12148/btv1b83018108/f1/info.json	3336	2385	https://gallica.bnf.fr/iiif/ark:/12148/btv1b83018108/canvas/f1
87	87	8	26	2197	1833	67	64	白		0		https://gallica.bnf.fr/iiif/ark:/12148/btv1b83018108/f1/info.json	3336	2385	https://gallica.bnf.fr/iiif/ark:/12148/btv1b83018108/canvas/f1
88	88	8	27	2181	1903	96	86	佛		0		https://gallica.bnf.fr/iiif/ark:/12148/btv1b83018108/f1/info.json	3336	2385	https://gallica.bnf.fr/iiif/ark:/12148/btv1b83018108/canvas/f1
89	89	8	28	2181	1995	95	81	言		0		https://gallica.bnf.fr/iiif/ark:/12148/btv1b83018108/f1/info.json	3336	2385	https://gallica.bnf.fr/iiif/ark:/12148/btv1b83018108/canvas/f1
90	90	9	12	2065	632	95	75	世		0		https://gallica.bnf.fr/iiif/ark:/12148/btv1b83018108/f1/info.json	3336	2385	https://gallica.bnf.fr/iiif/ark:/12148/btv1b83018108/canvas/f1
91	91	9	13	2068	717	92	94	尊		0		https://gallica.bnf.fr/iiif/ark:/12148/btv1b83018108/f1/info.json	3336	2385	https://gallica.bnf.fr/iiif/ark:/12148/btv1b83018108/canvas/f1
92	92	9	14	2053	812	106	91	我		0		https://gallica.bnf.fr/iiif/ark:/12148/btv1b83018108/f1/info.json	3336	2385	https://gallica.bnf.fr/iiif/ark:/12148/btv1b83018108/canvas/f1
93	93	9	15	2069	902	86	92	等		0		https://gallica.bnf.fr/iiif/ark:/12148/btv1b83018108/f1/info.json	3336	2385	https://gallica.bnf.fr/iiif/ark:/12148/btv1b83018108/canvas/f1
94	94	9	16	2066	992	90	85	於		0		https://gallica.bnf.fr/iiif/ark:/12148/btv1b83018108/f1/info.json	3336	2385	https://gallica.bnf.fr/iiif/ark:/12148/btv1b83018108/canvas/f1
95	95	9	17	2067	1077	92	87	佛		0		https://gallica.bnf.fr/iiif/ark:/12148/btv1b83018108/f1/info.json	3336	2385	https://gallica.bnf.fr/iiif/ark:/12148/btv1b83018108/canvas/f1
96	96	9	18	2071	1160	97	87	滅		0		https://gallica.bnf.fr/iiif/ark:/12148/btv1b83018108/f1/info.json	3336	2385	https://gallica.bnf.fr/iiif/ark:/12148/btv1b83018108/canvas/f1
97	97	9	19	2069	1243	101	85	後		0		https://gallica.bnf.fr/iiif/ark:/12148/btv1b83018108/f1/info.json	3336	2385	https://gallica.bnf.fr/iiif/ark:/12148/btv1b83018108/canvas/f1
98	98	9	20	2062	1333	96	65	世		0		https://gallica.bnf.fr/iiif/ark:/12148/btv1b83018108/f1/info.json	3336	2385	https://gallica.bnf.fr/iiif/ark:/12148/btv1b83018108/canvas/f1
99	99	9	21	2058	1401	104	99	尊		0		https://gallica.bnf.fr/iiif/ark:/12148/btv1b83018108/f1/info.json	3336	2385	https://gallica.bnf.fr/iiif/ark:/12148/btv1b83018108/canvas/f1
100	100	9	22	2074	1498	76	69	分		0		https://gallica.bnf.fr/iiif/ark:/12148/btv1b83018108/f1/info.json	3336	2385	https://gallica.bnf.fr/iiif/ark:/12148/btv1b83018108/canvas/f1
101	101	9	23	2075	1576	73	94	身		0		https://gallica.bnf.fr/iiif/ark:/12148/btv1b83018108/f1/info.json	3336	2385	https://gallica.bnf.fr/iiif/ark:/12148/btv1b83018108/canvas/f1
102	102	9	24	2068	1669	85	70	所		0		https://gallica.bnf.fr/iiif/ark:/12148/btv1b83018108/f1/info.json	3336	2385	https://gallica.bnf.fr/iiif/ark:/12148/btv1b83018108/canvas/f1
103	103	9	25	2061	1750	86	78	在		0		https://gallica.bnf.fr/iiif/ark:/12148/btv1b83018108/f1/info.json	3336	2385	https://gallica.bnf.fr/iiif/ark:/12148/btv1b83018108/canvas/f1
104	104	9	26	2072	1836	82	73	國		0		https://gallica.bnf.fr/iiif/ark:/12148/btv1b83018108/f1/info.json	3336	2385	https://gallica.bnf.fr/iiif/ark:/12148/btv1b83018108/canvas/f1
105	105	9	27	2072	1908	84	66	土		0		https://gallica.bnf.fr/iiif/ark:/12148/btv1b83018108/f1/info.json	3336	2385	https://gallica.bnf.fr/iiif/ark:/12148/btv1b83018108/canvas/f1
106	106	9	28	2071	1997	96	75	滅		0		https://gallica.bnf.fr/iiif/ark:/12148/btv1b83018108/f1/info.json	3336	2385	https://gallica.bnf.fr/iiif/ark:/12148/btv1b83018108/canvas/f1
107	107	10	12	1957	630	95	92	度		0		https://gallica.bnf.fr/iiif/ark:/12148/btv1b83018108/f1/info.json	3336	2385	https://gallica.bnf.fr/iiif/ark:/12148/btv1b83018108/canvas/f1
108	108	10	13	1966	729	88	71	之		0		https://gallica.bnf.fr/iiif/ark:/12148/btv1b83018108/f1/info.json	3336	2385	https://gallica.bnf.fr/iiif/ark:/12148/btv1b83018108/canvas/f1
109	109	10	14	1971	803	83	88	處		0		https://gallica.bnf.fr/iiif/ark:/12148/btv1b83018108/f1/info.json	3336	2385	https://gallica.bnf.fr/iiif/ark:/12148/btv1b83018108/canvas/f1
110	110	10	15	1967	900	81	79	當		0		https://gallica.bnf.fr/iiif/ark:/12148/btv1b83018108/f1/info.json	3336	2385	https://gallica.bnf.fr/iiif/ark:/12148/btv1b83018108/canvas/f1
111	111	10	16	1951	984	101	91	廣		0		https://gallica.bnf.fr/iiif/ark:/12148/btv1b83018108/f1/info.json	3336	2385	https://gallica.bnf.fr/iiif/ark:/12148/btv1b83018108/canvas/f1
112	112	10	17	1956	1073	109	80	説		0		https://gallica.bnf.fr/iiif/ark:/12148/btv1b83018108/f1/info.json	3336	2385	https://gallica.bnf.fr/iiif/ark:/12148/btv1b83018108/canvas/f1
113	113	10	18	1964	1153	89	74	此		0		https://gallica.bnf.fr/iiif/ark:/12148/btv1b83018108/f1/info.json	3336	2385	https://gallica.bnf.fr/iiif/ark:/12148/btv1b83018108/canvas/f1
114	114	10	19	1965	1234	87	75	經		0		https://gallica.bnf.fr/iiif/ark:/12148/btv1b83018108/f1/info.json	3336	2385	https://gallica.bnf.fr/iiif/ark:/12148/btv1b83018108/canvas/f1
115	115	10	20	1971	1328	75	69	所		0		https://gallica.bnf.fr/iiif/ark:/12148/btv1b83018108/f1/info.json	3336	2385	https://gallica.bnf.fr/iiif/ark:/12148/btv1b83018108/canvas/f1
116	116	10	21	1965	1412	88	57	以		0		https://gallica.bnf.fr/iiif/ark:/12148/btv1b83018108/f1/info.json	3336	2385	https://gallica.bnf.fr/iiif/ark:/12148/btv1b83018108/canvas/f1
117	117	10	22	1954	1480	98	81	者		0		https://gallica.bnf.fr/iiif/ark:/12148/btv1b83018108/f1/info.json	3336	2385	https://gallica.bnf.fr/iiif/ark:/12148/btv1b83018108/canvas/f1
118	118	10	23	1955	1576	100	74	何		0		https://gallica.bnf.fr/iiif/ark:/12148/btv1b83018108/f1/info.json	3336	2385	https://gallica.bnf.fr/iiif/ark:/12148/btv1b83018108/canvas/f1
119	119	10	24	1953	1661	95	80	我		0		https://gallica.bnf.fr/iiif/ark:/12148/btv1b83018108/f1/info.json	3336	2385	https://gallica.bnf.fr/iiif/ark:/12148/btv1b83018108/canvas/f1
120	120	10	25	1965	1742	82	88	等		0		https://gallica.bnf.fr/iiif/ark:/12148/btv1b83018108/f1/info.json	3336	2385	https://gallica.bnf.fr/iiif/ark:/12148/btv1b83018108/canvas/f1
121	121	10	26	1959	1835	91	67	亦		0		https://gallica.bnf.fr/iiif/ark:/12148/btv1b83018108/f1/info.json	3336	2385	https://gallica.bnf.fr/iiif/ark:/12148/btv1b83018108/canvas/f1
122	122	10	27	1979	1911	62	64	自		0		https://gallica.bnf.fr/iiif/ark:/12148/btv1b83018108/f1/info.json	3336	2385	https://gallica.bnf.fr/iiif/ark:/12148/btv1b83018108/canvas/f1
123	123	10	28	1961	1992	96	69	欲		0		https://gallica.bnf.fr/iiif/ark:/12148/btv1b83018108/f1/info.json	3336	2385	https://gallica.bnf.fr/iiif/ark:/12148/btv1b83018108/canvas/f1
124	124	11	12	1857	635	86	78	得		0		https://gallica.bnf.fr/iiif/ark:/12148/btv1b83018108/f1/info.json	3336	2385	https://gallica.bnf.fr/iiif/ark:/12148/btv1b83018108/canvas/f1
125	125	11	13	1860	720	95	82	是		0		https://gallica.bnf.fr/iiif/ark:/12148/btv1b83018108/f1/info.json	3336	2385	https://gallica.bnf.fr/iiif/ark:/12148/btv1b83018108/canvas/f1
126	126	11	14	1856	805	93	87	眞		0		https://gallica.bnf.fr/iiif/ark:/12148/btv1b83018108/f1/info.json	3336	2385	https://gallica.bnf.fr/iiif/ark:/12148/btv1b83018108/canvas/f1
127	127	11	15	1862	899	85	83	淨		0		https://gallica.bnf.fr/iiif/ark:/12148/btv1b83018108/f1/info.json	3336	2385	https://gallica.bnf.fr/iiif/ark:/12148/btv1b83018108/canvas/f1
128	128	11	16	1863	986	85	65	大		0		https://gallica.bnf.fr/iiif/ark:/12148/btv1b83018108/f1/info.json	3336	2385	https://gallica.bnf.fr/iiif/ark:/12148/btv1b83018108/canvas/f1
129	129	11	17	1862	1060	84	72	法		0		https://gallica.bnf.fr/iiif/ark:/12148/btv1b83018108/f1/info.json	3336	2385	https://gallica.bnf.fr/iiif/ark:/12148/btv1b83018108/canvas/f1
130	130	11	18	1863	1140	90	87	受		0		https://gallica.bnf.fr/iiif/ark:/12148/btv1b83018108/f1/info.json	3336	2385	https://gallica.bnf.fr/iiif/ark:/12148/btv1b83018108/canvas/f1
131	131	11	19	1861	1227	90	78	持		0		https://gallica.bnf.fr/iiif/ark:/12148/btv1b83018108/f1/info.json	3336	2385	https://gallica.bnf.fr/iiif/ark:/12148/btv1b83018108/canvas/f1
132	132	11	20	1853	1318	95	95	讀		0		https://gallica.bnf.fr/iiif/ark:/12148/btv1b83018108/f1/info.json	3336	2385	https://gallica.bnf.fr/iiif/ark:/12148/btv1b83018108/canvas/f1
133	133	11	21	1852	1417	92	83	誦		0		https://gallica.bnf.fr/iiif/ark:/12148/btv1b83018108/f1/info.json	3336	2385	https://gallica.bnf.fr/iiif/ark:/12148/btv1b83018108/canvas/f1
134	134	11	22	1859	1500	90	83	解		0		https://gallica.bnf.fr/iiif/ark:/12148/btv1b83018108/f1/info.json	3336	2385	https://gallica.bnf.fr/iiif/ark:/12148/btv1b83018108/canvas/f1
135	135	11	23	1857	1583	97	81	説		0		https://gallica.bnf.fr/iiif/ark:/12148/btv1b83018108/f1/info.json	3336	2385	https://gallica.bnf.fr/iiif/ark:/12148/btv1b83018108/canvas/f1
136	136	11	24	1854	1664	93	82	書		0		https://gallica.bnf.fr/iiif/ark:/12148/btv1b83018108/f1/info.json	3336	2385	https://gallica.bnf.fr/iiif/ark:/12148/btv1b83018108/canvas/f1
137	137	11	25	1868	1743	82	85	寫		0		https://gallica.bnf.fr/iiif/ark:/12148/btv1b83018108/f1/info.json	3336	2385	https://gallica.bnf.fr/iiif/ark:/12148/btv1b83018108/canvas/f1
138	138	11	26	1867	1839	81	62	而		0		https://gallica.bnf.fr/iiif/ark:/12148/btv1b83018108/f1/info.json	3336	2385	https://gallica.bnf.fr/iiif/ark:/12148/btv1b83018108/canvas/f1
139	139	11	27	1861	1919	95	63	供		0		https://gallica.bnf.fr/iiif/ark:/12148/btv1b83018108/f1/info.json	3336	2385	https://gallica.bnf.fr/iiif/ark:/12148/btv1b83018108/canvas/f1
140	140	11	28	1851	1988	103	90	養		0		https://gallica.bnf.fr/iiif/ark:/12148/btv1b83018108/f1/info.json	3336	2385	https://gallica.bnf.fr/iiif/ark:/12148/btv1b83018108/canvas/f1
141	141	12	12	1746	633	98	67	之		0		https://gallica.bnf.fr/iiif/ark:/12148/btv1b83018108/f1/info.json	3336	2385	https://gallica.bnf.fr/iiif/ark:/12148/btv1b83018108/canvas/f1
142	142	12	13	1739	720	105	65	爾		0		https://gallica.bnf.fr/iiif/ark:/12148/btv1b83018108/f1/info.json	3336	2385	https://gallica.bnf.fr/iiif/ark:/12148/btv1b83018108/canvas/f1
143	143	12	14	1755	802	83	82	時		0		https://gallica.bnf.fr/iiif/ark:/12148/btv1b83018108/f1/info.json	3336	2385	https://gallica.bnf.fr/iiif/ark:/12148/btv1b83018108/canvas/f1
144	144	12	15	1743	908	93	55	世		0		https://gallica.bnf.fr/iiif/ark:/12148/btv1b83018108/f1/info.json	3336	2385	https://gallica.bnf.fr/iiif/ark:/12148/btv1b83018108/canvas/f1
145	145	12	16	1743	970	91	88	尊		0		https://gallica.bnf.fr/iiif/ark:/12148/btv1b83018108/f1/info.json	3336	2385	https://gallica.bnf.fr/iiif/ark:/12148/btv1b83018108/canvas/f1
146	146	12	17	1750	1068	92	75	於		0		https://gallica.bnf.fr/iiif/ark:/12148/btv1b83018108/f1/info.json	3336	2385	https://gallica.bnf.fr/iiif/ark:/12148/btv1b83018108/canvas/f1
147	147	12	18	1756	1152	88	68	文		0		https://gallica.bnf.fr/iiif/ark:/12148/btv1b83018108/f1/info.json	3336	2385	https://gallica.bnf.fr/iiif/ark:/12148/btv1b83018108/canvas/f1
148	148	12	19	1752	1225	94	85	殊		0		https://gallica.bnf.fr/iiif/ark:/12148/btv1b83018108/f1/info.json	3336	2385	https://gallica.bnf.fr/iiif/ark:/12148/btv1b83018108/canvas/f1
149	149	12	20	1758	1324	80	93	師		0		https://gallica.bnf.fr/iiif/ark:/12148/btv1b83018108/f1/info.json	3336	2385	https://gallica.bnf.fr/iiif/ark:/12148/btv1b83018108/canvas/f1
150	150	12	21	1750	1415	85	75	利		0		https://gallica.bnf.fr/iiif/ark:/12148/btv1b83018108/f1/info.json	3336	2385	https://gallica.bnf.fr/iiif/ark:/12148/btv1b83018108/canvas/f1
151	151	12	22	1752	1488	81	87	等		0		https://gallica.bnf.fr/iiif/ark:/12148/btv1b83018108/f1/info.json	3336	2385	https://gallica.bnf.fr/iiif/ark:/12148/btv1b83018108/canvas/f1
152	152	12	23	1754	1579	85	72	無		0		https://gallica.bnf.fr/iiif/ark:/12148/btv1b83018108/f1/info.json	3336	2385	https://gallica.bnf.fr/iiif/ark:/12148/btv1b83018108/canvas/f1
153	153	12	24	1744	1661	92	89	量		0		https://gallica.bnf.fr/iiif/ark:/12148/btv1b83018108/f1/info.json	3336	2385	https://gallica.bnf.fr/iiif/ark:/12148/btv1b83018108/canvas/f1
155	155	12	25	1756	1758	75	67	百		0		https://gallica.bnf.fr/iiif/ark:/12148/btv1b83018108/f1/info.json	3336	2385	https://gallica.bnf.fr/iiif/ark:/12148/btv1b83018108/canvas/f1
156	156	12	26	1745	1827	85	83	千		0		https://gallica.bnf.fr/iiif/ark:/12148/btv1b83018108/f1/info.json	3336	2385	https://gallica.bnf.fr/iiif/ark:/12148/btv1b83018108/canvas/f1
157	157	12	27	1759	1913	71	63	萬		0		https://gallica.bnf.fr/iiif/ark:/12148/btv1b83018108/f1/info.json	3336	2385	https://gallica.bnf.fr/iiif/ark:/12148/btv1b83018108/canvas/f1
158	158	12	28	1748	1990	97	82	億		0		https://gallica.bnf.fr/iiif/ark:/12148/btv1b83018108/f1/info.json	3336	2385	https://gallica.bnf.fr/iiif/ark:/12148/btv1b83018108/canvas/f1
159	159	13	12	1644	630	75	95	舊		0		https://gallica.bnf.fr/iiif/ark:/12148/btv1b83018108/f1/info.json	3336	2385	https://gallica.bnf.fr/iiif/ark:/12148/btv1b83018108/canvas/f1
160	160	13	13	1638	734	87	65	住		0		https://gallica.bnf.fr/iiif/ark:/12148/btv1b83018108/f1/info.json	3336	2385	https://gallica.bnf.fr/iiif/ark:/12148/btv1b83018108/canvas/f1
161	161	13	14	1633	819	104	76	娑		0		https://gallica.bnf.fr/iiif/ark:/12148/btv1b83018108/f1/info.json	3336	2385	https://gallica.bnf.fr/iiif/ark:/12148/btv1b83018108/canvas/f1
162	162	13	15	1631	901	105	86	婆		0		https://gallica.bnf.fr/iiif/ark:/12148/btv1b83018108/f1/info.json	3336	2385	https://gallica.bnf.fr/iiif/ark:/12148/btv1b83018108/canvas/f1
165	165	13	16	1640	993	91	60	世		0		https://gallica.bnf.fr/iiif/ark:/12148/btv1b83018108/f1/info.json	3336	2385	https://gallica.bnf.fr/iiif/ark:/12148/btv1b83018108/canvas/f1
167	167	13	17	1653	1064	70	82	界		0		https://gallica.bnf.fr/iiif/ark:/12148/btv1b83018108/f1/info.json	3336	2385	https://gallica.bnf.fr/iiif/ark:/12148/btv1b83018108/canvas/f1
168	168	13	18	1632	1151	100	83	菩		0		https://gallica.bnf.fr/iiif/ark:/12148/btv1b83018108/f1/info.json	3336	2385	https://gallica.bnf.fr/iiif/ark:/12148/btv1b83018108/canvas/f1
169	169	13	19	1649	1239	81	85	薩		0		https://gallica.bnf.fr/iiif/ark:/12148/btv1b83018108/f1/info.json	3336	2385	https://gallica.bnf.fr/iiif/ark:/12148/btv1b83018108/canvas/f1
170	170	13	20	1630	1323	95	94	摩		0		https://gallica.bnf.fr/iiif/ark:/12148/btv1b83018108/f1/info.json	3336	2385	https://gallica.bnf.fr/iiif/ark:/12148/btv1b83018108/canvas/f1
171	171	13	21	1627	1413	109	79	訶		0		https://gallica.bnf.fr/iiif/ark:/12148/btv1b83018108/f1/info.json	3336	2385	https://gallica.bnf.fr/iiif/ark:/12148/btv1b83018108/canvas/f1
172	172	13	22	1649	1497	81	82	薩		0		https://gallica.bnf.fr/iiif/ark:/12148/btv1b83018108/f1/info.json	3336	2385	https://gallica.bnf.fr/iiif/ark:/12148/btv1b83018108/canvas/f1
173	173	13	23	1639	1585	94	70	及		0		https://gallica.bnf.fr/iiif/ark:/12148/btv1b83018108/f1/info.json	3336	2385	https://gallica.bnf.fr/iiif/ark:/12148/btv1b83018108/canvas/f1
174	174	13	24	1636	1665	104	85	諸		0		https://gallica.bnf.fr/iiif/ark:/12148/btv1b83018108/f1/info.json	3336	2385	https://gallica.bnf.fr/iiif/ark:/12148/btv1b83018108/canvas/f1
175	175	13	25	1654	1750	69	62	比		0		https://gallica.bnf.fr/iiif/ark:/12148/btv1b83018108/f1/info.json	3336	2385	https://gallica.bnf.fr/iiif/ark:/12148/btv1b83018108/canvas/f1
176	176	13	26	1632	1836	103	63	丘		0		https://gallica.bnf.fr/iiif/ark:/12148/btv1b83018108/f1/info.json	3336	2385	https://gallica.bnf.fr/iiif/ark:/12148/btv1b83018108/canvas/f1
177	177	13	27	1653	1912	75	66	比		0		https://gallica.bnf.fr/iiif/ark:/12148/btv1b83018108/f1/info.json	3336	2385	https://gallica.bnf.fr/iiif/ark:/12148/btv1b83018108/canvas/f1
178	178	13	28	1647	2008	85	62	丘		0		https://gallica.bnf.fr/iiif/ark:/12148/btv1b83018108/f1/info.json	3336	2385	https://gallica.bnf.fr/iiif/ark:/12148/btv1b83018108/canvas/f1
179	179	14	12	1532	633	91	73	尼		0		https://gallica.bnf.fr/iiif/ark:/12148/btv1b83018108/f1/info.json	3336	2385	https://gallica.bnf.fr/iiif/ark:/12148/btv1b83018108/canvas/f1
180	180	14	13	1534	712	94	83	優		0		https://gallica.bnf.fr/iiif/ark:/12148/btv1b83018108/f1/info.json	3336	2385	https://gallica.bnf.fr/iiif/ark:/12148/btv1b83018108/canvas/f1
181	181	14	14	1534	807	97	85	婆		0		https://gallica.bnf.fr/iiif/ark:/12148/btv1b83018108/f1/info.json	3336	2385	https://gallica.bnf.fr/iiif/ark:/12148/btv1b83018108/canvas/f1
182	182	14	15	1538	899	91	81	塞		0		https://gallica.bnf.fr/iiif/ark:/12148/btv1b83018108/f1/info.json	3336	2385	https://gallica.bnf.fr/iiif/ark:/12148/btv1b83018108/canvas/f1
183	183	14	16	1536	985	92	89	優		0		https://gallica.bnf.fr/iiif/ark:/12148/btv1b83018108/f1/info.json	3336	2385	https://gallica.bnf.fr/iiif/ark:/12148/btv1b83018108/canvas/f1
184	184	14	17	1533	1074	93	78	婆		0		https://gallica.bnf.fr/iiif/ark:/12148/btv1b83018108/f1/info.json	3336	2385	https://gallica.bnf.fr/iiif/ark:/12148/btv1b83018108/canvas/f1
185	185	14	18	1543	1153	83	91	夷		0		https://gallica.bnf.fr/iiif/ark:/12148/btv1b83018108/f1/info.json	3336	2385	https://gallica.bnf.fr/iiif/ark:/12148/btv1b83018108/canvas/f1
186	186	14	19	1536	1248	90	65	天		0		https://gallica.bnf.fr/iiif/ark:/12148/btv1b83018108/f1/info.json	3336	2385	https://gallica.bnf.fr/iiif/ark:/12148/btv1b83018108/canvas/f1
187	187	14	20	1532	1317	91	83	龍		0		https://gallica.bnf.fr/iiif/ark:/12148/btv1b83018108/f1/info.json	3336	2385	https://gallica.bnf.fr/iiif/ark:/12148/btv1b83018108/canvas/f1
188	188	14	21	1533	1406	92	75	夜		0		https://gallica.bnf.fr/iiif/ark:/12148/btv1b83018108/f1/info.json	3336	2385	https://gallica.bnf.fr/iiif/ark:/12148/btv1b83018108/canvas/f1
189	189	14	22	1540	1485	86	65	叉		0		https://gallica.bnf.fr/iiif/ark:/12148/btv1b83018108/f1/info.json	3336	2385	https://gallica.bnf.fr/iiif/ark:/12148/btv1b83018108/canvas/f1
190	190	14	23	1532	1557	101	72	乾		0		https://gallica.bnf.fr/iiif/ark:/12148/btv1b83018108/f1/info.json	3336	2385	https://gallica.bnf.fr/iiif/ark:/12148/btv1b83018108/canvas/f1
191	191	14	24	1543	1640	81	90	闥		0		https://gallica.bnf.fr/iiif/ark:/12148/btv1b83018108/f1/info.json	3336	2385	https://gallica.bnf.fr/iiif/ark:/12148/btv1b83018108/canvas/f1
192	192	14	25	1523	1730	101	84	婆		0		https://gallica.bnf.fr/iiif/ark:/12148/btv1b83018108/f1/info.json	3336	2385	https://gallica.bnf.fr/iiif/ark:/12148/btv1b83018108/canvas/f1
193	193	14	26	1538	1821	83	78	阿		0		https://gallica.bnf.fr/iiif/ark:/12148/btv1b83018108/f1/info.json	3336	2385	https://gallica.bnf.fr/iiif/ark:/12148/btv1b83018108/canvas/f1
194	194	14	27	1535	1898	84	85	修		0		https://gallica.bnf.fr/iiif/ark:/12148/btv1b83018108/f1/info.json	3336	2385	https://gallica.bnf.fr/iiif/ark:/12148/btv1b83018108/canvas/f1
195	195	14	28	1542	1994	85	81	羅		0		https://gallica.bnf.fr/iiif/ark:/12148/btv1b83018108/f1/info.json	3336	2385	https://gallica.bnf.fr/iiif/ark:/12148/btv1b83018108/canvas/f1
196	196	15	12	1430	625	101	81	迦		0		https://gallica.bnf.fr/iiif/ark:/12148/btv1b83018108/f1/info.json	3336	2385	https://gallica.bnf.fr/iiif/ark:/12148/btv1b83018108/canvas/f1
197	197	15	13	1433	711	92	81	樓		0		https://gallica.bnf.fr/iiif/ark:/12148/btv1b83018108/f1/info.json	3336	2385	https://gallica.bnf.fr/iiif/ark:/12148/btv1b83018108/canvas/f1
198	198	15	14	1433	816	91	79	羅		0		https://gallica.bnf.fr/iiif/ark:/12148/btv1b83018108/f1/info.json	3336	2385	https://gallica.bnf.fr/iiif/ark:/12148/btv1b83018108/canvas/f1
199	199	15	15	1441	903	81	89	緊		0		https://gallica.bnf.fr/iiif/ark:/12148/btv1b83018108/f1/info.json	3336	2385	https://gallica.bnf.fr/iiif/ark:/12148/btv1b83018108/canvas/f1
200	200	15	16	1427	998	95	75	那		0		https://gallica.bnf.fr/iiif/ark:/12148/btv1b83018108/f1/info.json	3336	2385	https://gallica.bnf.fr/iiif/ark:/12148/btv1b83018108/canvas/f1
201	201	15	17	1431	1081	92	84	羅		0		https://gallica.bnf.fr/iiif/ark:/12148/btv1b83018108/f1/info.json	3336	2385	https://gallica.bnf.fr/iiif/ark:/12148/btv1b83018108/canvas/f1
202	202	15	18	1418	1166	95	90	摩		0		https://gallica.bnf.fr/iiif/ark:/12148/btv1b83018108/f1/info.json	3336	2385	https://gallica.bnf.fr/iiif/ark:/12148/btv1b83018108/canvas/f1
203	203	15	19	1439	1259	75	69	睺		0		https://gallica.bnf.fr/iiif/ark:/12148/btv1b83018108/f1/info.json	3336	2385	https://gallica.bnf.fr/iiif/ark:/12148/btv1b83018108/canvas/f1
204	204	15	20	1434	1335	85	87	羅		0		https://gallica.bnf.fr/iiif/ark:/12148/btv1b83018108/f1/info.json	3336	2385	https://gallica.bnf.fr/iiif/ark:/12148/btv1b83018108/canvas/f1
205	205	15	21	1423	1430	100	55	伽		0		https://gallica.bnf.fr/iiif/ark:/12148/btv1b83018108/f1/info.json	3336	2385	https://gallica.bnf.fr/iiif/ark:/12148/btv1b83018108/canvas/f1
206	206	15	22	1433	1496	96	61	人		0		https://gallica.bnf.fr/iiif/ark:/12148/btv1b83018108/f1/info.json	3336	2385	https://gallica.bnf.fr/iiif/ark:/12148/btv1b83018108/canvas/f1
207	207	15	23	1442	1565	73	69	非		0		https://gallica.bnf.fr/iiif/ark:/12148/btv1b83018108/f1/info.json	3336	2385	https://gallica.bnf.fr/iiif/ark:/12148/btv1b83018108/canvas/f1
208	208	15	24	1432	1649	95	69	人		0		https://gallica.bnf.fr/iiif/ark:/12148/btv1b83018108/f1/info.json	3336	2385	https://gallica.bnf.fr/iiif/ark:/12148/btv1b83018108/canvas/f1
209	209	15	25	1430	1721	85	85	等		0		https://gallica.bnf.fr/iiif/ark:/12148/btv1b83018108/f1/info.json	3336	2385	https://gallica.bnf.fr/iiif/ark:/12148/btv1b83018108/canvas/f1
210	210	15	26	1430	1830	92	52	一		0		https://gallica.bnf.fr/iiif/ark:/12148/btv1b83018108/f1/info.json	3336	2385	https://gallica.bnf.fr/iiif/ark:/12148/btv1b83018108/canvas/f1
211	211	15	27	1433	1895	88	69	切		0		https://gallica.bnf.fr/iiif/ark:/12148/btv1b83018108/f1/info.json	3336	2385	https://gallica.bnf.fr/iiif/ark:/12148/btv1b83018108/canvas/f1
212	212	15	28	1430	1989	100	79	衆		0		https://gallica.bnf.fr/iiif/ark:/12148/btv1b83018108/f1/info.json	3336	2385	https://gallica.bnf.fr/iiif/ark:/12148/btv1b83018108/canvas/f1
213	213	16	12	1323	630	84	89	前		0		https://gallica.bnf.fr/iiif/ark:/12148/btv1b83018108/f1/info.json	3336	2385	https://gallica.bnf.fr/iiif/ark:/12148/btv1b83018108/canvas/f1
214	214	16	13	1327	725	94	72	現		0		https://gallica.bnf.fr/iiif/ark:/12148/btv1b83018108/f1/info.json	3336	2385	https://gallica.bnf.fr/iiif/ark:/12148/btv1b83018108/canvas/f1
215	215	16	14	1324	803	93	73	大		0		https://gallica.bnf.fr/iiif/ark:/12148/btv1b83018108/f1/info.json	3336	2385	https://gallica.bnf.fr/iiif/ark:/12148/btv1b83018108/canvas/f1
216	216	16	15	1319	881	97	91	神		0		https://gallica.bnf.fr/iiif/ark:/12148/btv1b83018108/f1/info.json	3336	2385	https://gallica.bnf.fr/iiif/ark:/12148/btv1b83018108/canvas/f1
217	217	16	16	1336	978	65	66	力		0		https://gallica.bnf.fr/iiif/ark:/12148/btv1b83018108/f1/info.json	3336	2385	https://gallica.bnf.fr/iiif/ark:/12148/btv1b83018108/canvas/f1
218	218	16	17	1335	1054	65	70	出		0		https://gallica.bnf.fr/iiif/ark:/12148/btv1b83018108/f1/info.json	3336	2385	https://gallica.bnf.fr/iiif/ark:/12148/btv1b83018108/canvas/f1
219	219	16	18	1309	1132	98	93	廣		0		https://gallica.bnf.fr/iiif/ark:/12148/btv1b83018108/f1/info.json	3336	2385	https://gallica.bnf.fr/iiif/ark:/12148/btv1b83018108/canvas/f1
220	220	16	19	1313	1230	98	82	長		0		https://gallica.bnf.fr/iiif/ark:/12148/btv1b83018108/f1/info.json	3336	2385	https://gallica.bnf.fr/iiif/ark:/12148/btv1b83018108/canvas/f1
221	221	16	20	1324	1323	75	69	舌		0		https://gallica.bnf.fr/iiif/ark:/12148/btv1b83018108/f1/info.json	3336	2385	https://gallica.bnf.fr/iiif/ark:/12148/btv1b83018108/canvas/f1
222	222	16	21	1318	1401	84	65	上		0		https://gallica.bnf.fr/iiif/ark:/12148/btv1b83018108/f1/info.json	3336	2385	https://gallica.bnf.fr/iiif/ark:/12148/btv1b83018108/canvas/f1
223	223	16	22	1331	1476	70	70	至		0		https://gallica.bnf.fr/iiif/ark:/12148/btv1b83018108/f1/info.json	3336	2385	https://gallica.bnf.fr/iiif/ark:/12148/btv1b83018108/canvas/f1
224	224	16	23	1332	1553	85	86	梵		0		https://gallica.bnf.fr/iiif/ark:/12148/btv1b83018108/f1/info.json	3336	2385	https://gallica.bnf.fr/iiif/ark:/12148/btv1b83018108/canvas/f1
225	225	16	24	1323	1655	90	64	世		0		https://gallica.bnf.fr/iiif/ark:/12148/btv1b83018108/f1/info.json	3336	2385	https://gallica.bnf.fr/iiif/ark:/12148/btv1b83018108/canvas/f1
226	226	16	25	1321	1746	82	47	一		0		https://gallica.bnf.fr/iiif/ark:/12148/btv1b83018108/f1/info.json	3336	2385	https://gallica.bnf.fr/iiif/ark:/12148/btv1b83018108/canvas/f1
227	227	16	26	1322	1820	79	61	切		0		https://gallica.bnf.fr/iiif/ark:/12148/btv1b83018108/f1/info.json	3336	2385	https://gallica.bnf.fr/iiif/ark:/12148/btv1b83018108/canvas/f1
228	228	16	27	1322	1905	87	65	毛		0		https://gallica.bnf.fr/iiif/ark:/12148/btv1b83018108/f1/info.json	3336	2385	https://gallica.bnf.fr/iiif/ark:/12148/btv1b83018108/canvas/f1
229	229	16	28	1317	1994	95	71	孔		0		https://gallica.bnf.fr/iiif/ark:/12148/btv1b83018108/f1/info.json	3336	2385	https://gallica.bnf.fr/iiif/ark:/12148/btv1b83018108/canvas/f1
230	230	17	12	1212	634	96	75	放		0		https://gallica.bnf.fr/iiif/ark:/12148/btv1b83018108/f1/info.json	3336	2385	https://gallica.bnf.fr/iiif/ark:/12148/btv1b83018108/canvas/f1
231	231	17	13	1217	721	84	73	於		0		https://gallica.bnf.fr/iiif/ark:/12148/btv1b83018108/f1/info.json	3336	2385	https://gallica.bnf.fr/iiif/ark:/12148/btv1b83018108/canvas/f1
232	232	17	14	1221	810	85	67	無		0		https://gallica.bnf.fr/iiif/ark:/12148/btv1b83018108/f1/info.json	3336	2385	https://gallica.bnf.fr/iiif/ark:/12148/btv1b83018108/canvas/f1
233	233	17	15	1219	890	80	89	量		0		https://gallica.bnf.fr/iiif/ark:/12148/btv1b83018108/f1/info.json	3336	2385	https://gallica.bnf.fr/iiif/ark:/12148/btv1b83018108/canvas/f1
234	234	17	16	1220	985	87	65	無		0		https://gallica.bnf.fr/iiif/ark:/12148/btv1b83018108/f1/info.json	3336	2385	https://gallica.bnf.fr/iiif/ark:/12148/btv1b83018108/canvas/f1
235	235	17	17	1207	1050	101	89	數		0		https://gallica.bnf.fr/iiif/ark:/12148/btv1b83018108/f1/info.json	3336	2385	https://gallica.bnf.fr/iiif/ark:/12148/btv1b83018108/canvas/f1
236	236	17	18	1217	1143	85	77	色		0		https://gallica.bnf.fr/iiif/ark:/12148/btv1b83018108/f1/info.json	3336	2385	https://gallica.bnf.fr/iiif/ark:/12148/btv1b83018108/canvas/f1
237	237	17	19	1212	1230	95	74	光		0		https://gallica.bnf.fr/iiif/ark:/12148/btv1b83018108/f1/info.json	3336	2385	https://gallica.bnf.fr/iiif/ark:/12148/btv1b83018108/canvas/f1
238	238	17	20	1226	1310	65	80	皆		0		https://gallica.bnf.fr/iiif/ark:/12148/btv1b83018108/f1/info.json	3336	2385	https://gallica.bnf.fr/iiif/ark:/12148/btv1b83018108/canvas/f1
239	239	17	21	1210	1386	92	88	悉		0		https://gallica.bnf.fr/iiif/ark:/12148/btv1b83018108/f1/info.json	3336	2385	https://gallica.bnf.fr/iiif/ark:/12148/btv1b83018108/canvas/f1
240	240	17	22	1204	1480	105	78	遍		0		https://gallica.bnf.fr/iiif/ark:/12148/btv1b83018108/f1/info.json	3336	2385	https://gallica.bnf.fr/iiif/ark:/12148/btv1b83018108/canvas/f1
241	241	17	23	1212	1570	91	70	照		0		https://gallica.bnf.fr/iiif/ark:/12148/btv1b83018108/f1/info.json	3336	2385	https://gallica.bnf.fr/iiif/ark:/12148/btv1b83018108/canvas/f1
242	242	17	24	1215	1651	77	69	十		0		https://gallica.bnf.fr/iiif/ark:/12148/btv1b83018108/f1/info.json	3336	2385	https://gallica.bnf.fr/iiif/ark:/12148/btv1b83018108/canvas/f1
243	243	17	25	1214	1735	82	73	方		0		https://gallica.bnf.fr/iiif/ark:/12148/btv1b83018108/f1/info.json	3336	2385	https://gallica.bnf.fr/iiif/ark:/12148/btv1b83018108/canvas/f1
244	244	17	26	1209	1830	89	54	世		0		https://gallica.bnf.fr/iiif/ark:/12148/btv1b83018108/f1/info.json	3336	2385	https://gallica.bnf.fr/iiif/ark:/12148/btv1b83018108/canvas/f1
245	245	17	27	1223	1900	75	75	界		0		https://gallica.bnf.fr/iiif/ark:/12148/btv1b83018108/f1/info.json	3336	2385	https://gallica.bnf.fr/iiif/ark:/12148/btv1b83018108/canvas/f1
246	246	17	28	1206	1992	100	83	衆		0		https://gallica.bnf.fr/iiif/ark:/12148/btv1b83018108/f1/info.json	3336	2385	https://gallica.bnf.fr/iiif/ark:/12148/btv1b83018108/canvas/f1
247	247	18	12	1115	633	75	89	寶		0		https://gallica.bnf.fr/iiif/ark:/12148/btv1b83018108/f1/info.json	3336	2385	https://gallica.bnf.fr/iiif/ark:/12148/btv1b83018108/canvas/f1
248	248	18	13	1112	728	88	77	樹		0		https://gallica.bnf.fr/iiif/ark:/12148/btv1b83018108/f1/info.json	3336	2385	https://gallica.bnf.fr/iiif/ark:/12148/btv1b83018108/canvas/f1
249	249	18	14	1113	816	81	68	下		0		https://gallica.bnf.fr/iiif/ark:/12148/btv1b83018108/f1/info.json	3336	2385	https://gallica.bnf.fr/iiif/ark:/12148/btv1b83018108/canvas/f1
250	250	18	15	1118	894	82	79	師		0		https://gallica.bnf.fr/iiif/ark:/12148/btv1b83018108/f1/info.json	3336	2385	https://gallica.bnf.fr/iiif/ark:/12148/btv1b83018108/canvas/f1
251	251	18	16	1116	984	74	69	子		0		https://gallica.bnf.fr/iiif/ark:/12148/btv1b83018108/f1/info.json	3336	2385	https://gallica.bnf.fr/iiif/ark:/12148/btv1b83018108/canvas/f1
252	252	18	17	1102	1061	84	68	座		0		https://gallica.bnf.fr/iiif/ark:/12148/btv1b83018108/f1/info.json	3336	2385	https://gallica.bnf.fr/iiif/ark:/12148/btv1b83018108/canvas/f1
253	253	18	18	1113	1143	76	64	上		0		https://gallica.bnf.fr/iiif/ark:/12148/btv1b83018108/f1/info.json	3336	2385	https://gallica.bnf.fr/iiif/ark:/12148/btv1b83018108/canvas/f1
254	254	18	19	1101	1220	105	87	諸		0		https://gallica.bnf.fr/iiif/ark:/12148/btv1b83018108/f1/info.json	3336	2385	https://gallica.bnf.fr/iiif/ark:/12148/btv1b83018108/canvas/f1
255	255	18	20	1102	1310	93	87	佛		0		https://gallica.bnf.fr/iiif/ark:/12148/btv1b83018108/f1/info.json	3336	2385	https://gallica.bnf.fr/iiif/ark:/12148/btv1b83018108/canvas/f1
256	256	18	21	1108	1404	81	65	亦		0		https://gallica.bnf.fr/iiif/ark:/12148/btv1b83018108/f1/info.json	3336	2385	https://gallica.bnf.fr/iiif/ark:/12148/btv1b83018108/canvas/f1
257	257	18	22	1113	1478	75	80	復		0		https://gallica.bnf.fr/iiif/ark:/12148/btv1b83018108/f1/info.json	3336	2385	https://gallica.bnf.fr/iiif/ark:/12148/btv1b83018108/canvas/f1
258	258	18	23	1105	1566	92	59	如		0		https://gallica.bnf.fr/iiif/ark:/12148/btv1b83018108/f1/info.json	3336	2385	https://gallica.bnf.fr/iiif/ark:/12148/btv1b83018108/canvas/f1
259	259	18	24	1105	1642	101	83	是		0		https://gallica.bnf.fr/iiif/ark:/12148/btv1b83018108/f1/info.json	3336	2385	https://gallica.bnf.fr/iiif/ark:/12148/btv1b83018108/canvas/f1
260	260	18	25	1118	1728	68	71	出		0		https://gallica.bnf.fr/iiif/ark:/12148/btv1b83018108/f1/info.json	3336	2385	https://gallica.bnf.fr/iiif/ark:/12148/btv1b83018108/canvas/f1
261	261	18	26	1096	1806	95	104	廣		0		https://gallica.bnf.fr/iiif/ark:/12148/btv1b83018108/f1/info.json	3336	2385	https://gallica.bnf.fr/iiif/ark:/12148/btv1b83018108/canvas/f1
262	262	18	27	1100	1904	97	75	長		0		https://gallica.bnf.fr/iiif/ark:/12148/btv1b83018108/f1/info.json	3336	2385	https://gallica.bnf.fr/iiif/ark:/12148/btv1b83018108/canvas/f1
263	263	18	28	1106	2000	78	59	舌		0		https://gallica.bnf.fr/iiif/ark:/12148/btv1b83018108/f1/info.json	3336	2385	https://gallica.bnf.fr/iiif/ark:/12148/btv1b83018108/canvas/f1
264	264	19	12	1003	632	97	73	放		0		https://gallica.bnf.fr/iiif/ark:/12148/btv1b83018108/f1/info.json	3336	2385	https://gallica.bnf.fr/iiif/ark:/12148/btv1b83018108/canvas/f1
265	265	19	13	1013	716	85	71	無		0		https://gallica.bnf.fr/iiif/ark:/12148/btv1b83018108/f1/info.json	3336	2385	https://gallica.bnf.fr/iiif/ark:/12148/btv1b83018108/canvas/f1
266	266	19	14	1003	803	88	84	量		0		https://gallica.bnf.fr/iiif/ark:/12148/btv1b83018108/f1/info.json	3336	2385	https://gallica.bnf.fr/iiif/ark:/12148/btv1b83018108/canvas/f1
267	267	19	15	1009	898	93	77	光		0		https://gallica.bnf.fr/iiif/ark:/12148/btv1b83018108/f1/info.json	3336	2385	https://gallica.bnf.fr/iiif/ark:/12148/btv1b83018108/canvas/f1
268	268	19	16	1002	968	93	110	釋		0		https://gallica.bnf.fr/iiif/ark:/12148/btv1b83018108/f1/info.json	3336	2385	https://gallica.bnf.fr/iiif/ark:/12148/btv1b83018108/canvas/f1
269	269	19	17	1004	1071	92	66	迦		0		https://gallica.bnf.fr/iiif/ark:/12148/btv1b83018108/f1/info.json	3336	2385	https://gallica.bnf.fr/iiif/ark:/12148/btv1b83018108/canvas/f1
270	270	19	18	1014	1140	68	82	牟		0		https://gallica.bnf.fr/iiif/ark:/12148/btv1b83018108/f1/info.json	3336	2385	https://gallica.bnf.fr/iiif/ark:/12148/btv1b83018108/canvas/f1
271	271	19	19	998	1225	89	71	尼		0		https://gallica.bnf.fr/iiif/ark:/12148/btv1b83018108/f1/info.json	3336	2385	https://gallica.bnf.fr/iiif/ark:/12148/btv1b83018108/canvas/f1
272	272	19	20	1003	1298	90	96	佛		0		https://gallica.bnf.fr/iiif/ark:/12148/btv1b83018108/f1/info.json	3336	2385	https://gallica.bnf.fr/iiif/ark:/12148/btv1b83018108/canvas/f1
273	273	19	21	1005	1398	93	69	及		0		https://gallica.bnf.fr/iiif/ark:/12148/btv1b83018108/f1/info.json	3336	2385	https://gallica.bnf.fr/iiif/ark:/12148/btv1b83018108/canvas/f1
274	274	19	22	1011	1470	73	94	寶		0		https://gallica.bnf.fr/iiif/ark:/12148/btv1b83018108/f1/info.json	3336	2385	https://gallica.bnf.fr/iiif/ark:/12148/btv1b83018108/canvas/f1
275	275	19	23	1000	1564	105	85	樹		0		https://gallica.bnf.fr/iiif/ark:/12148/btv1b83018108/f1/info.json	3336	2385	https://gallica.bnf.fr/iiif/ark:/12148/btv1b83018108/canvas/f1
276	276	19	24	1011	1655	73	69	下		0		https://gallica.bnf.fr/iiif/ark:/12148/btv1b83018108/f1/info.json	3336	2385	https://gallica.bnf.fr/iiif/ark:/12148/btv1b83018108/canvas/f1
277	277	19	25	995	1732	103	82	諸		0		https://gallica.bnf.fr/iiif/ark:/12148/btv1b83018108/f1/info.json	3336	2385	https://gallica.bnf.fr/iiif/ark:/12148/btv1b83018108/canvas/f1
278	278	19	26	1003	1809	85	89	佛		0		https://gallica.bnf.fr/iiif/ark:/12148/btv1b83018108/f1/info.json	3336	2385	https://gallica.bnf.fr/iiif/ark:/12148/btv1b83018108/canvas/f1
279	279	19	27	1004	1903	89	73	現		0		https://gallica.bnf.fr/iiif/ark:/12148/btv1b83018108/f1/info.json	3336	2385	https://gallica.bnf.fr/iiif/ark:/12148/btv1b83018108/canvas/f1
280	280	19	28	994	1987	91	87	神		0		https://gallica.bnf.fr/iiif/ark:/12148/btv1b83018108/f1/info.json	3336	2385	https://gallica.bnf.fr/iiif/ark:/12148/btv1b83018108/canvas/f1
281	281	20	12	904	634	74	74	力		0		https://gallica.bnf.fr/iiif/ark:/12148/btv1b83018108/f1/info.json	3336	2385	https://gallica.bnf.fr/iiif/ark:/12148/btv1b83018108/canvas/f1
282	282	20	13	900	713	90	83	時		0		https://gallica.bnf.fr/iiif/ark:/12148/btv1b83018108/f1/info.json	3336	2385	https://gallica.bnf.fr/iiif/ark:/12148/btv1b83018108/canvas/f1
283	283	20	14	901	809	85	74	滿		0		https://gallica.bnf.fr/iiif/ark:/12148/btv1b83018108/f1/info.json	3336	2385	https://gallica.bnf.fr/iiif/ark:/12148/btv1b83018108/canvas/f1
284	284	20	15	904	902	77	75	百		0		https://gallica.bnf.fr/iiif/ark:/12148/btv1b83018108/f1/info.json	3336	2385	https://gallica.bnf.fr/iiif/ark:/12148/btv1b83018108/canvas/f1
285	285	20	16	895	983	89	84	千		0		https://gallica.bnf.fr/iiif/ark:/12148/btv1b83018108/f1/info.json	3336	2385	https://gallica.bnf.fr/iiif/ark:/12148/btv1b83018108/canvas/f1
286	286	20	17	900	1071	88	82	歳		0		https://gallica.bnf.fr/iiif/ark:/12148/btv1b83018108/f1/info.json	3336	2385	https://gallica.bnf.fr/iiif/ark:/12148/btv1b83018108/canvas/f1
287	287	20	18	898	1147	85	81	然		0		https://gallica.bnf.fr/iiif/ark:/12148/btv1b83018108/f1/info.json	3336	2385	https://gallica.bnf.fr/iiif/ark:/12148/btv1b83018108/canvas/f1
288	288	20	19	890	1231	97	85	後		0		https://gallica.bnf.fr/iiif/ark:/12148/btv1b83018108/f1/info.json	3336	2385	https://gallica.bnf.fr/iiif/ark:/12148/btv1b83018108/canvas/f1
289	289	20	20	891	1327	93	83	還		0		https://gallica.bnf.fr/iiif/ark:/12148/btv1b83018108/f1/info.json	3336	2385	https://gallica.bnf.fr/iiif/ark:/12148/btv1b83018108/canvas/f1
290	290	20	21	886	1406	97	93	攝		0		https://gallica.bnf.fr/iiif/ark:/12148/btv1b83018108/f1/info.json	3336	2385	https://gallica.bnf.fr/iiif/ark:/12148/btv1b83018108/canvas/f1
291	291	20	22	898	1500	72	60	舌		0		https://gallica.bnf.fr/iiif/ark:/12148/btv1b83018108/f1/info.json	3336	2385	https://gallica.bnf.fr/iiif/ark:/12148/btv1b83018108/canvas/f1
292	292	20	23	891	1568	87	73	相		0		https://gallica.bnf.fr/iiif/ark:/12148/btv1b83018108/f1/info.json	3336	2385	https://gallica.bnf.fr/iiif/ark:/12148/btv1b83018108/canvas/f1
293	293	20	24	894	1661	94	44	一		0		https://gallica.bnf.fr/iiif/ark:/12148/btv1b83018108/f1/info.json	3336	2385	https://gallica.bnf.fr/iiif/ark:/12148/btv1b83018108/canvas/f1
294	294	20	25	902	1711	80	85	時		0		https://gallica.bnf.fr/iiif/ark:/12148/btv1b83018108/f1/info.json	3336	2385	https://gallica.bnf.fr/iiif/ark:/12148/btv1b83018108/canvas/f1
295	295	20	26	892	1805	99	84	�		0		https://gallica.bnf.fr/iiif/ark:/12148/btv1b83018108/f1/info.json	3336	2385	https://gallica.bnf.fr/iiif/ark:/12148/btv1b83018108/canvas/f1
296	296	20	28	897	1907	90	72	欬		0		https://gallica.bnf.fr/iiif/ark:/12148/btv1b83018108/f1/info.json	3336	2385	https://gallica.bnf.fr/iiif/ark:/12148/btv1b83018108/canvas/f1
297	297	20	29	895	1996	94	74	倶		0		https://gallica.bnf.fr/iiif/ark:/12148/btv1b83018108/f1/info.json	3336	2385	https://gallica.bnf.fr/iiif/ark:/12148/btv1b83018108/canvas/f1
298	298	21	12	785	632	94	70	共		0		https://gallica.bnf.fr/iiif/ark:/12148/btv1b83018108/f1/info.json	3336	2385	https://gallica.bnf.fr/iiif/ark:/12148/btv1b83018108/canvas/f1
299	299	21	13	793	716	82	86	彈		0		https://gallica.bnf.fr/iiif/ark:/12148/btv1b83018108/f1/info.json	3336	2385	https://gallica.bnf.fr/iiif/ark:/12148/btv1b83018108/canvas/f1
300	300	21	14	786	807	83	73	指		0		https://gallica.bnf.fr/iiif/ark:/12148/btv1b83018108/f1/info.json	3336	2385	https://gallica.bnf.fr/iiif/ark:/12148/btv1b83018108/canvas/f1
301	301	21	15	784	894	95	86	是		0		https://gallica.bnf.fr/iiif/ark:/12148/btv1b83018108/f1/info.json	3336	2385	https://gallica.bnf.fr/iiif/ark:/12148/btv1b83018108/canvas/f1
302	302	21	16	784	993	90	48	二		0		https://gallica.bnf.fr/iiif/ark:/12148/btv1b83018108/f1/info.json	3336	2385	https://gallica.bnf.fr/iiif/ark:/12148/btv1b83018108/canvas/f1
303	303	21	17	774	1050	105	85	音		0		https://gallica.bnf.fr/iiif/ark:/12148/btv1b83018108/f1/info.json	3336	2385	https://gallica.bnf.fr/iiif/ark:/12148/btv1b83018108/canvas/f1
304	304	21	18	777	1130	101	120	聲		0		https://gallica.bnf.fr/iiif/ark:/12148/btv1b83018108/f1/info.json	3336	2385	https://gallica.bnf.fr/iiif/ark:/12148/btv1b83018108/canvas/f1
305	305	21	19	782	1243	88	79	遍		0		https://gallica.bnf.fr/iiif/ark:/12148/btv1b83018108/f1/info.json	3336	2385	https://gallica.bnf.fr/iiif/ark:/12148/btv1b83018108/canvas/f1
306	306	21	20	791	1328	78	70	至		0		https://gallica.bnf.fr/iiif/ark:/12148/btv1b83018108/f1/info.json	3336	2385	https://gallica.bnf.fr/iiif/ark:/12148/btv1b83018108/canvas/f1
307	307	21	21	780	1408	87	55	十		0		https://gallica.bnf.fr/iiif/ark:/12148/btv1b83018108/f1/info.json	3336	2385	https://gallica.bnf.fr/iiif/ark:/12148/btv1b83018108/canvas/f1
308	308	21	22	785	1479	78	72	方		0		https://gallica.bnf.fr/iiif/ark:/12148/btv1b83018108/f1/info.json	3336	2385	https://gallica.bnf.fr/iiif/ark:/12148/btv1b83018108/canvas/f1
309	309	21	23	771	1560	110	85	諸		0		https://gallica.bnf.fr/iiif/ark:/12148/btv1b83018108/f1/info.json	3336	2385	https://gallica.bnf.fr/iiif/ark:/12148/btv1b83018108/canvas/f1
310	310	21	24	780	1653	84	94	佛		0		https://gallica.bnf.fr/iiif/ark:/12148/btv1b83018108/f1/info.json	3336	2385	https://gallica.bnf.fr/iiif/ark:/12148/btv1b83018108/canvas/f1
311	311	21	25	780	1750	87	59	世		0		https://gallica.bnf.fr/iiif/ark:/12148/btv1b83018108/f1/info.json	3336	2385	https://gallica.bnf.fr/iiif/ark:/12148/btv1b83018108/canvas/f1
312	312	21	26	792	1824	75	88	界		0		https://gallica.bnf.fr/iiif/ark:/12148/btv1b83018108/f1/info.json	3336	2385	https://gallica.bnf.fr/iiif/ark:/12148/btv1b83018108/canvas/f1
313	313	21	27	781	1916	98	65	地		0		https://gallica.bnf.fr/iiif/ark:/12148/btv1b83018108/f1/info.json	3336	2385	https://gallica.bnf.fr/iiif/ark:/12148/btv1b83018108/canvas/f1
314	314	21	28	793	1990	74	79	皆		0		https://gallica.bnf.fr/iiif/ark:/12148/btv1b83018108/f1/info.json	3336	2385	https://gallica.bnf.fr/iiif/ark:/12148/btv1b83018108/canvas/f1
315	315	22	12	674	630	90	66	六		0		https://gallica.bnf.fr/iiif/ark:/12148/btv1b83018108/f1/info.json	3336	2385	https://gallica.bnf.fr/iiif/ark:/12148/btv1b83018108/canvas/f1
316	316	22	13	675	718	92	73	種		0		https://gallica.bnf.fr/iiif/ark:/12148/btv1b83018108/f1/info.json	3336	2385	https://gallica.bnf.fr/iiif/ark:/12148/btv1b83018108/canvas/f1
317	317	22	14	677	800	93	91	震		0		https://gallica.bnf.fr/iiif/ark:/12148/btv1b83018108/f1/info.json	3336	2385	https://gallica.bnf.fr/iiif/ark:/12148/btv1b83018108/canvas/f1
318	318	22	15	678	904	91	73	動		0		https://gallica.bnf.fr/iiif/ark:/12148/btv1b83018108/f1/info.json	3336	2385	https://gallica.bnf.fr/iiif/ark:/12148/btv1b83018108/canvas/f1
319	319	22	16	674	980	93	83	其		0		https://gallica.bnf.fr/iiif/ark:/12148/btv1b83018108/f1/info.json	3336	2385	https://gallica.bnf.fr/iiif/ark:/12148/btv1b83018108/canvas/f1
320	320	22	17	691	1060	74	82	中		0		https://gallica.bnf.fr/iiif/ark:/12148/btv1b83018108/f1/info.json	3336	2385	https://gallica.bnf.fr/iiif/ark:/12148/btv1b83018108/canvas/f1
321	321	22	18	683	1137	89	89	衆		0		https://gallica.bnf.fr/iiif/ark:/12148/btv1b83018108/f1/info.json	3336	2385	https://gallica.bnf.fr/iiif/ark:/12148/btv1b83018108/canvas/f1
322	322	22	19	689	1232	70	66	生		0		https://gallica.bnf.fr/iiif/ark:/12148/btv1b83018108/f1/info.json	3336	2385	https://gallica.bnf.fr/iiif/ark:/12148/btv1b83018108/canvas/f1
323	323	22	20	685	1312	86	72	天		0		https://gallica.bnf.fr/iiif/ark:/12148/btv1b83018108/f1/info.json	3336	2385	https://gallica.bnf.fr/iiif/ark:/12148/btv1b83018108/canvas/f1
324	324	22	21	673	1387	95	89	龍		0		https://gallica.bnf.fr/iiif/ark:/12148/btv1b83018108/f1/info.json	3336	2385	https://gallica.bnf.fr/iiif/ark:/12148/btv1b83018108/canvas/f1
325	325	22	22	683	1480	85	76	夜		0		https://gallica.bnf.fr/iiif/ark:/12148/btv1b83018108/f1/info.json	3336	2385	https://gallica.bnf.fr/iiif/ark:/12148/btv1b83018108/canvas/f1
326	326	22	23	685	1565	84	72	叉		0		https://gallica.bnf.fr/iiif/ark:/12148/btv1b83018108/f1/info.json	3336	2385	https://gallica.bnf.fr/iiif/ark:/12148/btv1b83018108/canvas/f1
327	327	22	24	674	1642	102	75	乾		0		https://gallica.bnf.fr/iiif/ark:/12148/btv1b83018108/f1/info.json	3336	2385	https://gallica.bnf.fr/iiif/ark:/12148/btv1b83018108/canvas/f1
328	328	22	25	689	1727	75	88	闥		0		https://gallica.bnf.fr/iiif/ark:/12148/btv1b83018108/f1/info.json	3336	2385	https://gallica.bnf.fr/iiif/ark:/12148/btv1b83018108/canvas/f1
329	329	22	26	669	1817	105	85	婆		0		https://gallica.bnf.fr/iiif/ark:/12148/btv1b83018108/f1/info.json	3336	2385	https://gallica.bnf.fr/iiif/ark:/12148/btv1b83018108/canvas/f1
330	330	22	27	681	1913	82	77	阿		0		https://gallica.bnf.fr/iiif/ark:/12148/btv1b83018108/f1/info.json	3336	2385	https://gallica.bnf.fr/iiif/ark:/12148/btv1b83018108/canvas/f1
331	331	22	28	673	2002	94	77	修		0		https://gallica.bnf.fr/iiif/ark:/12148/btv1b83018108/f1/info.json	3336	2385	https://gallica.bnf.fr/iiif/ark:/12148/btv1b83018108/canvas/f1
332	332	23	12	574	636	89	84	羅		0		https://gallica.bnf.fr/iiif/ark:/12148/btv1b83018108/f1/info.json	3336	2385	https://gallica.bnf.fr/iiif/ark:/12148/btv1b83018108/canvas/f1
333	333	23	13	574	725	98	72	迦		0		https://gallica.bnf.fr/iiif/ark:/12148/btv1b83018108/f1/info.json	3336	2385	https://gallica.bnf.fr/iiif/ark:/12148/btv1b83018108/canvas/f1
334	334	23	14	574	798	92	85	樓		0		https://gallica.bnf.fr/iiif/ark:/12148/btv1b83018108/f1/info.json	3336	2385	https://gallica.bnf.fr/iiif/ark:/12148/btv1b83018108/canvas/f1
335	335	23	15	579	899	86	80	羅		0		https://gallica.bnf.fr/iiif/ark:/12148/btv1b83018108/f1/info.json	3336	2385	https://gallica.bnf.fr/iiif/ark:/12148/btv1b83018108/canvas/f1
336	336	23	16	585	984	77	82	緊		0		https://gallica.bnf.fr/iiif/ark:/12148/btv1b83018108/f1/info.json	3336	2385	https://gallica.bnf.fr/iiif/ark:/12148/btv1b83018108/canvas/f1
337	337	23	17	575	1073	85	68	那		0		https://gallica.bnf.fr/iiif/ark:/12148/btv1b83018108/f1/info.json	3336	2385	https://gallica.bnf.fr/iiif/ark:/12148/btv1b83018108/canvas/f1
338	338	23	18	581	1150	88	87	羅		0		https://gallica.bnf.fr/iiif/ark:/12148/btv1b83018108/f1/info.json	3336	2385	https://gallica.bnf.fr/iiif/ark:/12148/btv1b83018108/canvas/f1
339	339	23	19	564	1240	91	89	摩		0		https://gallica.bnf.fr/iiif/ark:/12148/btv1b83018108/f1/info.json	3336	2385	https://gallica.bnf.fr/iiif/ark:/12148/btv1b83018108/canvas/f1
340	340	23	20	577	1335	87	69	睺		0		https://gallica.bnf.fr/iiif/ark:/12148/btv1b83018108/f1/info.json	3336	2385	https://gallica.bnf.fr/iiif/ark:/12148/btv1b83018108/canvas/f1
341	341	23	21	571	1415	94	85	羅		0		https://gallica.bnf.fr/iiif/ark:/12148/btv1b83018108/f1/info.json	3336	2385	https://gallica.bnf.fr/iiif/ark:/12148/btv1b83018108/canvas/f1
342	342	23	22	572	1504	98	55	伽		0		https://gallica.bnf.fr/iiif/ark:/12148/btv1b83018108/f1/info.json	3336	2385	https://gallica.bnf.fr/iiif/ark:/12148/btv1b83018108/canvas/f1
343	343	23	23	574	1573	96	59	人		0		https://gallica.bnf.fr/iiif/ark:/12148/btv1b83018108/f1/info.json	3336	2385	https://gallica.bnf.fr/iiif/ark:/12148/btv1b83018108/canvas/f1
344	344	23	24	583	1639	75	75	非		0		https://gallica.bnf.fr/iiif/ark:/12148/btv1b83018108/f1/info.json	3336	2385	https://gallica.bnf.fr/iiif/ark:/12148/btv1b83018108/canvas/f1
345	345	23	25	571	1726	100	70	人		0		https://gallica.bnf.fr/iiif/ark:/12148/btv1b83018108/f1/info.json	3336	2385	https://gallica.bnf.fr/iiif/ark:/12148/btv1b83018108/canvas/f1
346	346	23	26	581	1803	76	86	等		0		https://gallica.bnf.fr/iiif/ark:/12148/btv1b83018108/f1/info.json	3336	2385	https://gallica.bnf.fr/iiif/ark:/12148/btv1b83018108/canvas/f1
347	347	23	27	574	1916	90	51	以		0		https://gallica.bnf.fr/iiif/ark:/12148/btv1b83018108/f1/info.json	3336	2385	https://gallica.bnf.fr/iiif/ark:/12148/btv1b83018108/canvas/f1
348	348	23	28	574	1988	85	88	佛		0		https://gallica.bnf.fr/iiif/ark:/12148/btv1b83018108/f1/info.json	3336	2385	https://gallica.bnf.fr/iiif/ark:/12148/btv1b83018108/canvas/f1
349	349	24	12	461	629	95	88	神		0		https://gallica.bnf.fr/iiif/ark:/12148/btv1b83018108/f1/info.json	3336	2385	https://gallica.bnf.fr/iiif/ark:/12148/btv1b83018108/canvas/f1
350	350	24	13	472	721	66	75	力		0		https://gallica.bnf.fr/iiif/ark:/12148/btv1b83018108/f1/info.json	3336	2385	https://gallica.bnf.fr/iiif/ark:/12148/btv1b83018108/canvas/f1
351	351	24	14	464	810	95	66	故		0		https://gallica.bnf.fr/iiif/ark:/12148/btv1b83018108/f1/info.json	3336	2385	https://gallica.bnf.fr/iiif/ark:/12148/btv1b83018108/canvas/f1
352	352	24	15	479	880	74	84	皆		0		https://gallica.bnf.fr/iiif/ark:/12148/btv1b83018108/f1/info.json	3336	2385	https://gallica.bnf.fr/iiif/ark:/12148/btv1b83018108/canvas/f1
353	353	24	16	470	966	90	76	見		0		https://gallica.bnf.fr/iiif/ark:/12148/btv1b83018108/f1/info.json	3336	2385	https://gallica.bnf.fr/iiif/ark:/12148/btv1b83018108/canvas/f1
354	354	24	17	467	1056	90	72	此		0		https://gallica.bnf.fr/iiif/ark:/12148/btv1b83018108/f1/info.json	3336	2385	https://gallica.bnf.fr/iiif/ark:/12148/btv1b83018108/canvas/f1
355	355	24	18	458	1138	100	82	娑		0		https://gallica.bnf.fr/iiif/ark:/12148/btv1b83018108/f1/info.json	3336	2385	https://gallica.bnf.fr/iiif/ark:/12148/btv1b83018108/canvas/f1
356	356	24	19	446	1231	107	79	婆		0		https://gallica.bnf.fr/iiif/ark:/12148/btv1b83018108/f1/info.json	3336	2385	https://gallica.bnf.fr/iiif/ark:/12148/btv1b83018108/canvas/f1
357	357	24	20	459	1322	93	60	世		0		https://gallica.bnf.fr/iiif/ark:/12148/btv1b83018108/f1/info.json	3336	2385	https://gallica.bnf.fr/iiif/ark:/12148/btv1b83018108/canvas/f1
358	358	24	21	476	1402	70	77	界		0		https://gallica.bnf.fr/iiif/ark:/12148/btv1b83018108/f1/info.json	3336	2385	https://gallica.bnf.fr/iiif/ark:/12148/btv1b83018108/canvas/f1
359	359	24	22	472	1482	88	69	無		0		https://gallica.bnf.fr/iiif/ark:/12148/btv1b83018108/f1/info.json	3336	2385	https://gallica.bnf.fr/iiif/ark:/12148/btv1b83018108/canvas/f1
360	360	24	23	464	1560	86	87	量		0		https://gallica.bnf.fr/iiif/ark:/12148/btv1b83018108/f1/info.json	3336	2385	https://gallica.bnf.fr/iiif/ark:/12148/btv1b83018108/canvas/f1
361	361	24	24	470	1653	86	65	無		0		https://gallica.bnf.fr/iiif/ark:/12148/btv1b83018108/f1/info.json	3336	2385	https://gallica.bnf.fr/iiif/ark:/12148/btv1b83018108/canvas/f1
362	362	24	25	461	1724	95	86	邊		0		https://gallica.bnf.fr/iiif/ark:/12148/btv1b83018108/f1/info.json	3336	2385	https://gallica.bnf.fr/iiif/ark:/12148/btv1b83018108/canvas/f1
363	363	24	26	471	1820	77	66	百		0		https://gallica.bnf.fr/iiif/ark:/12148/btv1b83018108/f1/info.json	3336	2385	https://gallica.bnf.fr/iiif/ark:/12148/btv1b83018108/canvas/f1
364	364	24	27	464	1902	85	75	千		0		https://gallica.bnf.fr/iiif/ark:/12148/btv1b83018108/f1/info.json	3336	2385	https://gallica.bnf.fr/iiif/ark:/12148/btv1b83018108/canvas/f1
365	365	24	28	471	2000	80	65	萬		0		https://gallica.bnf.fr/iiif/ark:/12148/btv1b83018108/f1/info.json	3336	2385	https://gallica.bnf.fr/iiif/ark:/12148/btv1b83018108/canvas/f1
366	366	25	12	357	634	95	85	億		0		https://gallica.bnf.fr/iiif/ark:/12148/btv1b83018108/f1/info.json	3336	2385	https://gallica.bnf.fr/iiif/ark:/12148/btv1b83018108/canvas/f1
367	367	25	13	358	722	92	82	衆		0		https://gallica.bnf.fr/iiif/ark:/12148/btv1b83018108/f1/info.json	3336	2385	https://gallica.bnf.fr/iiif/ark:/12148/btv1b83018108/canvas/f1
368	368	25	14	358	807	85	89	寶		0		https://gallica.bnf.fr/iiif/ark:/12148/btv1b83018108/f1/info.json	3336	2385	https://gallica.bnf.fr/iiif/ark:/12148/btv1b83018108/canvas/f1
369	369	25	15	354	897	91	80	樹		0		https://gallica.bnf.fr/iiif/ark:/12148/btv1b83018108/f1/info.json	3336	2385	https://gallica.bnf.fr/iiif/ark:/12148/btv1b83018108/canvas/f1
370	370	25	16	360	986	76	65	下		0		https://gallica.bnf.fr/iiif/ark:/12148/btv1b83018108/f1/info.json	3336	2385	https://gallica.bnf.fr/iiif/ark:/12148/btv1b83018108/canvas/f1
371	371	25	17	361	1061	80	88	師		0		https://gallica.bnf.fr/iiif/ark:/12148/btv1b83018108/f1/info.json	3336	2385	https://gallica.bnf.fr/iiif/ark:/12148/btv1b83018108/canvas/f1
372	372	25	18	357	1150	83	70	子		0		https://gallica.bnf.fr/iiif/ark:/12148/btv1b83018108/f1/info.json	3336	2385	https://gallica.bnf.fr/iiif/ark:/12148/btv1b83018108/canvas/f1
373	373	25	19	355	1233	83	82	座		0		https://gallica.bnf.fr/iiif/ark:/12148/btv1b83018108/f1/info.json	3336	2385	https://gallica.bnf.fr/iiif/ark:/12148/btv1b83018108/canvas/f1
374	374	25	20	349	1325	89	63	上		0		https://gallica.bnf.fr/iiif/ark:/12148/btv1b83018108/f1/info.json	3336	2385	https://gallica.bnf.fr/iiif/ark:/12148/btv1b83018108/canvas/f1
375	375	25	21	343	1400	105	88	諸		0		https://gallica.bnf.fr/iiif/ark:/12148/btv1b83018108/f1/info.json	3336	2385	https://gallica.bnf.fr/iiif/ark:/12148/btv1b83018108/canvas/f1
376	376	25	22	356	1485	80	89	佛		0		https://gallica.bnf.fr/iiif/ark:/12148/btv1b83018108/f1/info.json	3336	2385	https://gallica.bnf.fr/iiif/ark:/12148/btv1b83018108/canvas/f1
